Id,Position,First Name,Nickname,Last Name,FPPG,Played,Salary,Game,Team,Opponent,Injury Indicator,Injury Details,Tier,,,Roster Position
93784-55050,RB,Christian,Christian McCaffrey,McCaffrey,24.399999618530273,1,9500,SF@LAR,SF,LAR,,,,,,RB/FLEX
93784-80001,RB,Austin,Austin Ekeler,Ekeler,24.399999618530273,1,9200,LAC@TEN,LAC,TEN,Q,Ankle,,,,RB/FLEX
93784-62239,QB,Josh,Josh Allen,Allen,12.039999961853027,1,9200,LV@BUF,BUF,LV,,,,,,QB
93784-57439,QB,Patrick,Patrick Mahomes,Mahomes,20.540000915527344,1,9000,KC@JAX,KC,JAX,,,,,,QB
93784-64401,RB,Saquon,Saquon Barkley,Barkley,7.800000190734863,1,8800,NYG@ARI,NYG,ARI,,,,,,RB/FLEX
93784-33076,TE,Travis,Travis Kelce,Kelce,16.225,20,8500,KC@JAX,KC,JAX,Q,Knee,,,,TE/FLEX
93784-85701,WR,Ja'Marr,Ja'Marr Chase,Chase,6.599999904632568,1,8400,BAL@CIN,CIN,BAL,,,,,,WR/FLEX
93784-39280,RB,Derrick,Derrick Henry,Henry,12.899999618530273,1,8300,LAC@TEN,TEN,LAC,,,,,,RB/FLEX
93784-64555,WR,Calvin,Calvin Ridley,Ridley,20.100000381469727,1,8300,KC@JAX,JAX,KC,,,,,,WR/FLEX
93784-69189,QB,Justin,Justin Herbert,Herbert,20.920000076293945,1,8200,LAC@TEN,LAC,TEN,,,,,,QB
93784-89956,RB,Travis,Travis Etienne Jr.,Etienne Jr.,18.899999618530273,1,8200,KC@JAX,JAX,KC,,,,,,RB/FLEX
93784-86997,WR,Amon-Ra,Amon-Ra St. Brown,St. Brown,16.100000381469727,1,8100,SEA@DET,DET,SEA,,,,,,WR/FLEX
93784-136855,RB,Bijan,Bijan Robinson,Robinson,17.299999237060547,1,8100,GB@ATL,ATL,GB,,,,,,RB/FLEX
93784-63759,RB,Tony,Tony Pollard,Pollard,21.200000762939453,1,8000,NYJ@DAL,DAL,NYJ,,,,,,RB/FLEX
93784-25079,WR,Stefon,Stefon Diggs,Diggs,21.200000762939453,1,8000,LV@BUF,BUF,LV,,,,,,WR/FLEX
93784-52436,TE,Mark,Mark Andrews,Andrews,10.237500190734863,16,8000,BAL@CIN,BAL,CIN,Q,Quadriceps,,,,TE/FLEX
93784-91591,QB,Justin,Justin Fields,Fields,15.539999961853027,1,8000,CHI@TB,CHI,TB,,,,,,QB
93784-29253,WR,Keenan,Keenan Allen,Allen,11.199999809265137,1,7800,LAC@TEN,LAC,TEN,,,,,,WR/FLEX
93784-89951,QB,Trevor,Trevor Lawrence,Lawrence,18.739999771118164,1,7800,KC@JAX,JAX,KC,,,,,,QB
93784-73048,WR,DK,DK Metcalf,Metcalf,12.199999809265137,1,7700,SEA@DET,SEA,DET,,,,,,WR/FLEX
93784-86631,WR,CeeDee,CeeDee Lamb,Lamb,9.699999809265137,1,7600,NYJ@DAL,DAL,NYJ,,,,,,WR/FLEX
93784-40442,RB,Aaron,Aaron Jones,Jones,25.700000762939453,1,7600,GB@ATL,GB,ATL,Q,Hamstring,,,,RB/FLEX
93784-63115,QB,Lamar,Lamar Jackson,Jackson,7.559999942779541,1,7600,BAL@CIN,BAL,CIN,,,,,,QB
93784-63519,QB,Daniel,Daniel Jones,Jones,6.460000038146973,1,7500,NYG@ARI,NYG,ARI,,,,,,QB
93784-129315,QB,Anthony,Anthony Richardson,Richardson,21.920000076293945,1,7500,IND@HOU,IND,HOU,Q,Knee,,,,QB
93784-45889,WR,Davante,Davante Adams,Adams,9.600000381469727,1,7500,LV@BUF,LV,BUF,,,,,,WR/FLEX
93784-72731,RB,Josh,Josh Jacobs,Jacobs,8.100000381469727,1,7500,LV@BUF,LV,BUF,,,,,,RB/FLEX
93784-85798,WR,Brandon,Brandon Aiyuk,Aiyuk,28.899999618530273,1,7500,SF@LAR,SF,LAR,,,,,,WR/FLEX
93784-31716,QB,Dak,Dak Prescott,Prescott,6.320000171661377,1,7400,NYJ@DAL,DAL,NYJ,,,,,,QB
93784-103564,WR,Garrett,Garrett Wilson,Wilson,11.899999618530273,1,7400,NYJ@DAL,NYJ,DAL,,,,,,WR/FLEX
93784-63336,QB,Joe,Joe Burrow,Burrow,3.180000066757202,1,7400,BAL@CIN,CIN,BAL,,,,,,QB
93784-38435,QB,Jared,Jared Goff,Goff,14.020000457763672,1,7300,SEA@DET,DET,SEA,,,,,,QB
93784-52442,RB,Joe,Joe Mixon,Mixon,8.800000190734863,1,7200,BAL@CIN,CIN,BAL,,,,,,RB/FLEX
93784-69017,QB,Jordan,Jordan Love,Love,23,1,7200,GB@ATL,GB,ATL,,,,,,QB
93784-69213,WR,Michael,Michael Pittman Jr.,Pittman Jr.,19.700000762939453,1,7200,IND@HOU,IND,HOU,,,,,,WR/FLEX
93784-16606,WR,DeAndre,DeAndre Hopkins,Hopkins,10,1,7100,LAC@TEN,TEN,LAC,,,,,,WR/FLEX
93784-90428,RB,Tyler,Tyler Allgeier,Allgeier,22.899999618530273,1,7100,GB@ATL,ATL,GB,,,,,,RB/FLEX
93784-22015,QB,Russell,Russell Wilson,Wilson,15.180000305175781,1,7100,WAS@DEN,DEN,WAS,,,,,,QB
93784-85607,QB,Brock,Brock Purdy,Purdy,16.799999237060547,1,7100,SF@LAR,SF,LAR,,,,,,QB
93784-32384,WR,Mike,Mike Evans,Evans,15.600000381469727,1,7100,CHI@TB,TB,CHI,,,,,,WR/FLEX
93784-79970,WR,Cooper,Cooper Kupp,Kupp,18.211110432942707,9,7000,SF@LAR,LAR,SF,IR,Hamstring,,,,WR/FLEX
93784-6894,QB,Aaron,Aaron Rodgers,Rodgers,0,1,7000,NYJ@DAL,NYJ,DAL,IR,Achilles,,,,QB
93784-93107,RB,AJ,AJ Dillon,Dillon,4.599999904632568,1,7000,GB@ATL,GB,ATL,,,,,,RB/FLEX
93784-89675,RB,Jonathan,Jonathan Taylor,Taylor,12.03636308149858,11,7000,IND@HOU,IND,HOU,NA,Ankle,,,,RB/FLEX
93784-26483,QB,Geno,Geno Smith,Smith,9.079999923706055,1,7000,SEA@DET,SEA,DET,,,,,,QB
93784-89981,WR,Tee,Tee Higgins,Higgins,0,1,7000,BAL@CIN,CIN,BAL,,,,,,WR/FLEX
93784-104576,QB,Sam,Sam Howell,Howell,16.18000030517578,1,6900,WAS@DEN,WAS,DEN,,,,,,QB
93784-103064,RB,Breece,Breece Hall,Hall,15.199999809265137,1,6900,NYJ@DAL,NYJ,DAL,Q,Knee,,,,RB/FLEX
93784-56018,WR,Deebo,Deebo Samuel,Samuel,8.800000190734863,1,6900,SF@LAR,SF,LAR,,,,,,WR/FLEX
93784-57403,WR,Courtland,Courtland Sutton,Sutton,11.199999809265137,1,6800,WAS@DEN,DEN,WAS,,,,,,WR/FLEX
93784-61798,QB,Gardner,Gardner Minshew II,Minshew II,0,1,6800,IND@HOU,IND,HOU,,,,,,QB
93784-41535,QB,Baker,Baker Mayfield,Mayfield,16.020000457763672,1,6800,CHI@TB,TB,CHI,,,,,,QB
93784-54140,RB,Dalvin,Dalvin Cook,Cook,7.400000095367432,1,6800,NYJ@DAL,NYJ,DAL,,,,,,RB/FLEX
93784-90561,WR,Jerry,Jerry Jeudy,Jeudy,11.379999796549479,15,6700,WAS@DEN,DEN,WAS,Q,Hamstring,,,,WR/FLEX
93784-39829,WR,Mike,Mike Williams,Williams,6.5,1,6700,LAC@TEN,LAC,TEN,,,,,,WR/FLEX
93784-103342,RB,Kenneth,Kenneth Walker III,Walker III,8.699999809265137,1,6700,SEA@DET,SEA,DET,,,,,,RB/FLEX
93784-54604,QB,Jimmy,Jimmy Garoppolo,Garoppolo,16.100000381469727,1,6700,LV@BUF,LV,BUF,,,,,,QB
93784-63634,WR,Jakobi,Jakobi Meyers,Meyers,24.600000381469727,1,6600,LV@BUF,LV,BUF,Q,Concussion,,,,WR/FLEX
93784-25011,TE,Darren,Darren Waller,Waller,5.099999904632568,1,6600,NYG@ARI,NYG,ARI,,,,,,TE/FLEX
93784-6654,QB,Matthew,Matthew Stafford,Stafford,14.460000038146973,1,6600,SF@LAR,LAR,SF,,,,,,QB
93784-91626,RB,James,James Cook,Cook,8.300000190734863,1,6600,LV@BUF,BUF,LV,,,,,,RB/FLEX
93784-112295,WR,Zay,Zay Flowers,Flowers,13.199999809265137,1,6600,BAL@CIN,BAL,CIN,,,,,,WR/FLEX
93784-86278,QB,Desmond,Desmond Ridder,Ridder,8.399999618530273,1,6500,GB@ATL,ATL,GB,,,,,,QB
93784-94534,WR,Gabe,Gabe Davis,Davis,4.199999809265137,1,6500,LV@BUF,BUF,LV,,,,,,WR/FLEX
93784-27050,WR,Tyler,Tyler Lockett,Lockett,2,1,6500,SEA@DET,SEA,DET,,,,,,WR/FLEX
93784-90562,RB,Brian,Brian Robinson Jr.,Robinson Jr.,13.100000381469727,1,6500,WAS@DEN,WAS,DEN,,,,,,RB/FLEX
93784-86243,QB,Will,Will Levis,Levis,,,6400,LAC@TEN,TEN,LAC,,,,,,QB
93784-129471,QB,C.J.,C.J. Stroud,Stroud,10.180000305175781,1,6400,IND@HOU,HOU,IND,,,,,,QB
93784-56250,WR,Terry,Terry McLaurin,McLaurin,4.099999904632568,1,6400,WAS@DEN,WAS,DEN,,,,,,WR/FLEX
93784-93541,RB,Javonte,Javonte Williams,Williams,7.699999809265137,1,6400,WAS@DEN,DEN,WAS,,,,,,RB/FLEX
93784-21948,QB,Ryan,Ryan Tannehill,Tannehill,5.420000076293945,1,6400,LAC@TEN,TEN,LAC,,,,,,QB
93784-87691,QB,Malik,Malik Willis,Willis,3.1914285932268416,7,6400,LAC@TEN,TEN,LAC,,,,,,QB
93784-40687,RB,James,James Conner,Conner,9.5,1,6400,NYG@ARI,ARI,NYG,,,,,,RB/FLEX
93784-169776,WR,Christian,Christian Watson,Watson,10.257143293108259,14,6400,GB@ATL,GB,ATL,Q,Hamstring,,,,WR/FLEX
93784-94370,WR,Romeo,Romeo Doubs,Doubs,16.600000381469727,1,6300,GB@ATL,GB,ATL,,,,,,WR/FLEX
93784-55635,WR,Chris,Chris Godwin,Godwin,7.599999904632568,1,6300,CHI@TB,TB,CHI,,,,,,WR/FLEX
93784-41305,WR,Zay,Zay Jones,Jones,14,1,6300,KC@JAX,JAX,KC,,,,,,WR/FLEX
93784-90813,QB,Clayton,Clayton Tune,Tune,,,6300,NYG@ARI,ARI,NYG,,,,,,QB
93784-64576,RB,Damien,Damien Harris,Harris,2.9000000953674316,1,6300,LV@BUF,BUF,LV,,,,,,RB/FLEX
93784-40407,QB,Joshua,Joshua Dobbs,Dobbs,0.9800000190734863,1,6300,NYG@ARI,ARI,NYG,,,,,,QB
93784-73273,RB,David,David Montgomery,Montgomery,13.399999618530273,1,6300,SEA@DET,DET,SEA,,,,,,RB/FLEX
93784-91872,RB,Joshua,Joshua Kelley,Kelley,15.100000381469727,1,6300,LAC@TEN,LAC,TEN,,,,,,RB/FLEX
93784-53331,QB,Taylor,Taylor Heinicke,Heinicke,13.551111009385851,9,6200,GB@ATL,ATL,GB,,,,,,QB
93784-90406,QB,Zach,Zach Wilson,Wilson,9.199999809265137,1,6200,NYJ@DAL,NYJ,DAL,,,,,,QB
93784-86687,WR,Marquise,Marquise Brown,Brown,7.199999809265137,1,6200,NYG@ARI,ARI,NYG,,,,,,WR/FLEX
93784-137902,RB,Rachaad,Rachaad White,White,5.900000095367432,1,6200,CHI@TB,TB,CHI,,,,,,RB/FLEX
93784-39793,TE,George,George Kittle,Kittle,3.4000000953674316,1,6200,SF@LAR,SF,LAR,,,,,,TE/FLEX
93784-93055,WR,Isaiah,Isaiah Hodgins,Hodgins,0.8999999761581421,1,6200,NYG@ARI,NYG,ARI,,,,,,WR/FLEX
93784-52451,RB,Samaje,Samaje Perine,Perine,9.800000190734863,1,6200,WAS@DEN,DEN,WAS,,,,,,RB/FLEX
93784-91419,WR,Nico,Nico Collins,Collins,11,1,6200,IND@HOU,HOU,IND,,,,,,WR/FLEX
93784-30231,QB,Jacoby,Jacoby Brissett,Brissett,12.472856794084821,14,6200,WAS@DEN,WAS,DEN,,,,,,QB
93784-89628,QB,Davis,Davis Mills,Mills,13.101333618164062,15,6200,IND@HOU,HOU,IND,,,,,,QB
93784-30761,QB,Nathan,Nathan Peterman,Peterman,3.086666742960612,3,6100,CHI@TB,CHI,TB,,,,,,QB
93784-14377,QB,Tyrod,Tyrod Taylor,Taylor,0.23999999463558197,1,6100,NYG@ARI,NYG,ARI,,,,,,QB
93784-63589,QB,Sam,Sam Darnold,Darnold,-0.20000000298023224,1,6100,SF@LAR,SF,LAR,,,,,,QB
93784-86200,QB,Sean,Sean Clifford,Clifford,0,1,6100,GB@ATL,GB,ATL,,,,,,QB
93784-86229,WR,Jahan,Jahan Dotson,Dotson,6.5,1,6100,WAS@DEN,WAS,DEN,,,,,,WR/FLEX
93784-70027,RB,Zack,Zack Moss,Moss,4.538461538461538,13,6100,IND@HOU,IND,HOU,Q,Forearm,,,,RB/FLEX
93784-64051,QB,Drew,Drew Lock,Lock,,,6100,SEA@DET,SEA,DET,,,,,,QB
93784-27986,QB,C.J.,C.J. Beathard,Beathard,0,4,6100,KC@JAX,JAX,KC,,,,,,QB
93784-103824,QB,Easton,Easton Stick,Stick,,,6100,LAC@TEN,LAC,TEN,,,,,,QB
93784-91583,QB,Stetson,Stetson Bennett,Bennett,,,6100,SF@LAR,LAR,SF,Q,Shoulder,,,,QB
93784-60947,QB,Jarrett,Jarrett Stidham,Stidham,15.213333129882812,3,6100,WAS@DEN,DEN,WAS,,,,,,QB
93784-63043,WR,DJ,DJ Moore,Moore,3.5,1,6100,CHI@TB,CHI,TB,,,,,,WR/FLEX
93784-44715,QB,Cooper,Cooper Rush,Rush,0,1,6100,NYJ@DAL,DAL,NYJ,,,,,,QB
93784-69304,QB,Kyle,Kyle Trask,Trask,0.9200000166893005,1,6100,CHI@TB,TB,CHI,,,,,,QB
93784-7872,QB,Brian,Brian Hoyer,Hoyer,1.4800000190734863,1,6100,LV@BUF,LV,BUF,,,,,,QB
93784-28434,QB,Trevor,Trevor Siemian,Siemian,5.579999923706055,2,6100,BAL@CIN,CIN,BAL,,,,,,QB
93784-8023,QB,Josh,Josh Johnson,Johnson,0.9300000071525574,2,6100,BAL@CIN,BAL,CIN,,,,,,QB
93784-71521,RB,Justice,Justice Hill,Hill,12.899999618530273,1,6100,BAL@CIN,BAL,CIN,,,,,,RB/FLEX
93784-53095,QB,Kyle,Kyle Allen,Allen,9.970000267028809,2,6100,LV@BUF,BUF,LV,,,,,,QB
93784-14194,QB,Blaine,Blaine Gabbert,Gabbert,5.159999847412109,1,6100,KC@JAX,KC,JAX,,,,,,QB
93784-85983,QB,Hendon,Hendon Hooker,Hooker,,,6100,SEA@DET,DET,SEA,IR,Knee - acl,,,,QB
93784-86055,RB,Dameon,Dameon Pierce,Pierce,5.699999809265137,1,6000,IND@HOU,HOU,IND,,,,,,RB/FLEX
93784-53303,RB,Matt,Matt Breida,Breida,1.100000023841858,1,6000,NYG@ARI,NYG,ARI,,,,,,RB/FLEX
93784-149696,QB,Trey,Trey Lance,Lance,6.730000019073486,2,6000,NYJ@DAL,DAL,NYJ,,,,,,QB
93784-69833,QB,Shane,Shane Buechele,Buechele,,,6000,LV@BUF,BUF,LV,,,,,,QB
93784-45259,QB,Logan,Logan Woodside,Woodside,,,6000,GB@ATL,ATL,GB,,,,,,QB
93784-88440,QB,Braxton,Braxton Burmeister,Burmeister,,,6000,SF@LAR,LAR,SF,,,,,,QB
93784-92560,QB,Sam,Sam Ehlinger,Ehlinger,9.654999732971191,4,6000,IND@HOU,IND,HOU,,,,,,QB
93784-70051,QB,Tyler,Tyler Huntley,Huntley,12.076666514078775,6,6000,BAL@CIN,BAL,CIN,,,,,,QB
93784-31170,QB,Brandon,Brandon Allen,Allen,0.7799999713897705,1,6000,SF@LAR,SF,LAR,,,,,,QB
93784-22994,QB,Case,Case Keenum,Keenum,0.1599999964237213,2,6000,IND@HOU,HOU,IND,,,,,,QB
93784-33259,QB,Teddy,Teddy Bridgewater,Bridgewater,8.404000091552735,5,6000,SEA@DET,DET,SEA,,,,,,QB
93784-94718,QB,Nathan,Nathan Rourke,Rourke,,,6000,KC@JAX,JAX,KC,,,,,,QB
93784-94748,QB,Tommy,Tommy DeVito,DeVito,,,6000,NYG@ARI,NYG,ARI,,,,,,QB
93784-103109,QB,Max,Max Duggan,Duggan,,,6000,LAC@TEN,LAC,TEN,,,,,,QB
93784-29501,WR,Brandin,Brandin Cooks,Cooks,3.200000047683716,1,6000,NYJ@DAL,DAL,NYJ,,,,,,WR/FLEX
93784-90981,QB,Adrian,Adrian Martinez,Martinez,,,6000,SEA@DET,DET,SEA,,,,,,QB
93784-56192,QB,John,John Wolford,Wolford,8.899999618530273,2,6000,CHI@TB,TB,CHI,,,,,,QB
93784-41872,TE,Evan,Evan Engram,Engram,7.400000095367432,1,6000,KC@JAX,JAX,KC,,,,,,TE/FLEX
93784-29605,QB,Matt,Matt Barkley,Barkley,,,6000,LV@BUF,BUF,LV,Q,Elbow,,,,QB
93784-93103,QB,E.J.,E.J. Perry,Perry,,,6000,IND@HOU,HOU,IND,,,,,,QB
93784-52342,QB,Will,Will Grier,Grier,,,6000,BAL@CIN,CIN,BAL,,,,,,QB
93784-27801,QB,Nate,Nate Sudfeld,Sudfeld,-0.20000000298023224,2,6000,SEA@DET,DET,SEA,IR,Knee - acl,,,,QB
93784-93382,QB,Aidan,Aidan O'Connell,O'Connell,,,6000,LV@BUF,LV,BUF,,,,,,QB
93784-130269,QB,Reid,Reid Sinnett,Sinnett,,,6000,BAL@CIN,CIN,BAL,,,,,,QB
93784-54507,QB,Alex,Alex McGough,McGough,,,6000,GB@ATL,GB,ATL,,,,,,QB
93784-11500,QB,Colt,Colt McCoy,McCoy,8.949999809265137,4,6000,NYG@ARI,ARI,NYG,,,,,,QB
93784-185629,QB,Tim,Tim DeMorat,DeMorat,,,6000,WAS@DEN,WAS,DEN,,,,,,QB
93784-185640,QB,Dresser,Dresser Winn,Winn,,,6000,SF@LAR,LAR,SF,,,,,,QB
93784-91468,QB,Chase,Chase Garbers,Garbers,,,6000,LV@BUF,LV,BUF,,,,,,QB
93784-91511,QB,Holton,Holton Ahlers,Ahlers,,,6000,SEA@DET,SEA,DET,,,,,,QB
93784-52606,QB,David,David Blough,Blough,10.289999961853027,2,6000,SEA@DET,DET,SEA,,,,,,QB
93784-60840,QB,Jake,Jake Browning,Browning,-0.10000000149011612,1,6000,BAL@CIN,CIN,BAL,,,,,,QB
93784-185773,QB,Nolan,Nolan Henderson,Henderson,,,6000,BAL@CIN,BAL,CIN,,,,,,QB
93784-185776,QB,Tyson,Tyson Bagent,Bagent,,,6000,CHI@TB,CHI,TB,,,,,,QB
93784-60858,WR,Christian,Christian Kirk,Kirk,1.399999976158142,1,6000,KC@JAX,JAX,KC,,,,,,WR/FLEX
93784-91639,QB,Jake,Jake Fromm,Fromm,,,6000,WAS@DEN,WAS,DEN,,,,,,QB
93784-40482,QB,Tim,Tim Boyle,Boyle,-0.8799999952316284,1,6000,NYJ@DAL,NYJ,DAL,,,,,,QB
93784-30253,QB,Jeff,Jeff Driskel,Driskel,2.388571330479213,7,6000,NYG@ARI,ARI,NYG,,,,,,QB
93784-71242,QB,Jarrett,Jarrett Guarantano,Guarantano,,,6000,WAS@DEN,DEN,WAS,,,,,,QB
93784-73398,QB,Chris,Chris Oladokun,Oladokun,,,6000,KC@JAX,KC,JAX,,,,,,QB
93784-61157,QB,Brett,Brett Rypien,Rypien,5.505000114440918,4,6000,SF@LAR,LAR,SF,,,,,,QB
93784-38767,QB,Chris,Chris Streveler,Streveler,9,1,6000,NYJ@DAL,NYJ,DAL,Q,Thumb,,,,QB
93784-92082,QB,Austin,Austin Aune,Aune,,,6000,GB@ATL,ATL,GB,,,,,,QB
93784-38837,QB,Danny,Danny Etling,Etling,,,6000,GB@ATL,GB,ATL,,,,,,QB
93784-69597,QB,Anthony,Anthony Brown,Brown,3.7899999618530273,2,6000,BAL@CIN,BAL,CIN,,,,,,QB
93784-63469,QB,Ben,Ben DiNucci,DiNucci,,,6000,WAS@DEN,DEN,WAS,,,,,,QB
93784-63484,QB,Kyler,Kyler Murray,Murray,18.865454933860086,11,6000,NYG@ARI,ARI,NYG,NA,Knee - acl,,,,QB
93784-89230,RB,Cam,Cam Akers,Akers,8.899999618530273,1,5900,SF@LAR,LAR,SF,,,,,,RB/FLEX
93784-40167,RB,Gus,Gus Edwards,Edwards,5.199999809265137,1,5900,BAL@CIN,BAL,CIN,,,,,,RB/FLEX
93784-52613,WR,Curtis,Curtis Samuel,Samuel,8.5,1,5900,WAS@DEN,WAS,DEN,,,,,,WR/FLEX
93784-53097,WR,Josh,Josh Reynolds,Reynolds,10,1,5900,SEA@DET,DET,SEA,,,,,,WR/FLEX
93784-104433,RB,Kyren,Kyren Williams,Williams,17.399999618530273,1,5900,SF@LAR,LAR,SF,,,,,,RB/FLEX
93784-112745,WR,Drake,Drake London,London,0,1,5800,GB@ATL,ATL,GB,,,,,,WR/FLEX
93784-129368,RB,Jahmyr,Jahmyr Gibbs,Gibbs,7,1,5800,SEA@DET,DET,SEA,,,,,,RB/FLEX
93784-103020,WR,Puka,Puka Nacua,Nacua,16.899999618530273,1,5800,SF@LAR,LAR,SF,,,,,,WR/FLEX
93784-72412,RB,Khalil,Khalil Herbert,Herbert,9.899999618530273,1,5800,CHI@TB,CHI,TB,,,,,,RB/FLEX
93784-29685,WR,Robert,Robert Woods,Woods,8.699999809265137,1,5800,IND@HOU,HOU,IND,,,,,,WR/FLEX
93784-86080,TE,Kyle,Kyle Pitts,Pitts,5.400000095367432,1,5700,GB@ATL,ATL,GB,,,,,,TE/FLEX
93784-69777,WR,Darnell,Darnell Mooney,Mooney,13.300000190734863,1,5700,CHI@TB,CHI,TB,,,,,,WR/FLEX
93784-69956,WR,Michael,Michael Gallup,Gallup,1.5,1,5700,NYJ@DAL,DAL,NYJ,,,,,,WR/FLEX
93784-92575,RB,Isiah,Isiah Pacheco,Pacheco,7.400000095367432,1,5700,KC@JAX,KC,JAX,,,,,,RB/FLEX
93784-56262,WR,Parris,Parris Campbell,Campbell,0.699999988079071,1,5700,NYG@ARI,NYG,ARI,,,,,,WR/FLEX
93784-93134,RB,Deon,Deon Jackson,Jackson,1.2999999523162842,1,5700,IND@HOU,IND,HOU,,,,,,RB/FLEX
93784-56809,WR,Allen,Allen Lazard,Lazard,5.599999904632568,1,5700,NYJ@DAL,NYJ,DAL,,,,,,WR/FLEX
93784-40647,WR,Marquez,Marquez Valdes-Scantling,Valdes-Scantling,5.800000190734863,1,5700,KC@JAX,KC,JAX,,,,,,WR/FLEX
93784-85845,WR,Rashod,Rashod Bateman,Bateman,5,1,5700,BAL@CIN,BAL,CIN,,,,,,WR/FLEX
93784-63819,WR,Darius,Darius Slayton,Slayton,3,1,5600,NYG@ARI,NYG,ARI,,,,,,WR/FLEX
93784-55830,RB,D'Onta,D'Onta Foreman,Foreman,3.4000000953674316,1,5600,CHI@TB,CHI,TB,,,,,,RB/FLEX
93784-90933,RB,Antonio,Antonio Gibson,Gibson,0.4000000059604645,1,5600,WAS@DEN,WAS,DEN,,,,,,RB/FLEX
93784-93408,WR,Rondale,Rondale Moore,Moore,6,1,5600,NYG@ARI,ARI,NYG,,,,,,WR/FLEX
93784-28900,RB,Melvin,Melvin Gordon III,Gordon III,7.459999847412109,10,5500,BAL@CIN,BAL,CIN,,,,,,RB/FLEX
93784-72297,RB,Rico,Rico Dowdle,Dowdle,2.4000000953674316,1,5500,NYJ@DAL,DAL,NYJ,,,,,,RB/FLEX
93784-25267,WR,Mack,Mack Hollins,Hollins,4.599999904632568,1,5500,GB@ATL,ATL,GB,,,,,,WR/FLEX
93784-92976,WR,Tutu,Tutu Atwell,Atwell,14.899999618530273,1,5500,SF@LAR,LAR,SF,,,,,,WR/FLEX
93784-71352,WR,Mecole,Mecole Hardman Jr.,Hardman Jr.,9.333333333333334,9,5500,NYJ@DAL,NYJ,DAL,,,,,,WR/FLEX
93784-57299,TE,Gerald,Gerald Everett,Everett,3.299999952316284,1,5500,LAC@TEN,LAC,TEN,,,,,,TE/FLEX
93784-110978,RB,Evan,Evan Hull,Hull,1.2000000476837158,1,5400,IND@HOU,IND,HOU,IR,Knee,,,,RB/FLEX
93784-64389,WR,Nick,Nick Westbrook-Ikhine,Westbrook-Ikhine,7.800000190734863,1,5400,LAC@TEN,TEN,LAC,,,,,,WR/FLEX
93784-64581,WR,Van,Van Jefferson,Jefferson,4.400000095367432,1,5400,SF@LAR,LAR,SF,,,,,,WR/FLEX
93784-64585,TE,Dawson,Dawson Knox,Knox,4,1,5400,LV@BUF,BUF,LV,,,,,,TE/FLEX
93784-130288,RB,James,James Robinson,Robinson,7.55454531582919,11,5400,NYG@ARI,NYG,ARI,,,,,,RB/FLEX
93784-22103,WR,Marvin,Marvin Jones Jr.,Jones Jr.,-0.20000000298023224,1,5400,SEA@DET,DET,SEA,,,,,,WR/FLEX
93784-110259,WR,Treylon,Treylon Burks,Burks,3.700000047683716,1,5400,LAC@TEN,TEN,LAC,,,,,,WR/FLEX
93784-86052,WR,Kadarius,Kadarius Toney,Toney,0.5,1,5300,KC@JAX,KC,JAX,,,,,,WR/FLEX
93784-86518,WR,Khalil,Khalil Shakir,Shakir,3.3916667302449546,12,5300,LV@BUF,BUF,LV,,,,,,WR/FLEX
93784-31360,WR,Odell,Odell Beckham Jr.,Beckham Jr.,4.699999809265137,1,5300,BAL@CIN,BAL,CIN,,,,,,WR/FLEX
93784-111311,WR,Rashee,Rashee Rice,Rice,10.100000381469727,1,5300,KC@JAX,KC,JAX,,,,,,WR/FLEX
93784-27477,WR,Sterling,Sterling Shepard,Shepard,0,1,5300,NYG@ARI,NYG,ARI,,,,,,WR/FLEX
93784-72627,RB,Patrick,Patrick Taylor,Taylor,2.200000047683716,1,5300,GB@ATL,GB,ATL,,,,,,RB/FLEX
93784-93539,RB,Michael,Michael Carter,Carter,2.799999952316284,1,5300,NYJ@DAL,NYJ,DAL,,,,,,RB/FLEX
93784-34331,RB,Latavius,Latavius Murray,Murray,2.200000047683716,1,5300,LV@BUF,BUF,LV,,,,,,RB/FLEX
93784-128693,RB,Tank,Tank Bigsby,Bigsby,5.300000190734863,1,5300,KC@JAX,JAX,KC,,,,,,RB/FLEX
93784-40669,WR,Tyler,Tyler Boyd,Boyd,2,1,5300,BAL@CIN,CIN,BAL,,,,,,WR/FLEX
93784-85741,RB,Clyde,Clyde Edwards-Helaire,Edwards-Helaire,3.4000000953674316,1,5300,KC@JAX,KC,JAX,Q,Illness,,,,RB/FLEX
93784-91931,TE,Greg,Greg Dulcich,Dulcich,3.200000047683716,1,5300,WAS@DEN,DEN,WAS,D,Hamstring,,,,TE/FLEX
93784-30733,RB,Cordarrelle,Cordarrelle Patterson,Patterson,11.09230745755709,13,5200,GB@ATL,ATL,GB,Q,Thigh,,,,RB/FLEX
93784-145558,TE,Dalton,Dalton Kincaid,Kincaid,4.599999904632568,1,5200,LV@BUF,BUF,LV,,,,,,TE/FLEX
93784-92413,RB,Elijah,Elijah Mitchell,Mitchell,1,1,5200,SF@LAR,SF,LAR,,,,,,RB/FLEX
93784-129305,WR,Josh,Josh Downs,Downs,4.5,1,5200,IND@HOU,IND,HOU,,,,,,WR/FLEX
93784-129458,WR,Jaxon,Jaxon Smith-Njigba,Smith-Njigba,2.799999952316284,1,5200,SEA@DET,SEA,DET,,,,,,WR/FLEX
93784-91047,TE,Cole,Cole Kmet,Kmet,6.900000095367432,1,5200,CHI@TB,CHI,TB,,,,,,TE/FLEX
93784-73111,WR,Chase,Chase Claypool,Claypool,0,1,5200,CHI@TB,CHI,TB,,,,,,WR/FLEX
93784-112062,WR,Skyy,Skyy Moore,Moore,0.4000000059604645,1,5200,KC@JAX,KC,JAX,,,,,,WR/FLEX
93784-86312,WR,Alec,Alec Pierce,Pierce,1,1,5100,IND@HOU,IND,HOU,,,,,,WR/FLEX
93784-57986,WR,Hunter,Hunter Renfrow,Renfrow,6.1,10,5100,LV@BUF,LV,BUF,,,,,,WR/FLEX
93784-47870,TE,Tyler,Tyler Higbee,Higbee,6.400000095367432,1,5100,SF@LAR,LAR,SF,,,,,,TE/FLEX
93784-70603,RB,Devin,Devin Singletary,Singletary,1.5,1,5100,IND@HOU,HOU,IND,,,,,,RB/FLEX
93784-83083,WR,Justin,Justin Watson,Watson,5.5,1,5100,KC@JAX,KC,JAX,,,,,,WR/FLEX
93784-105646,TE,Sam,Sam LaPorta,LaPorta,6.400000095367432,1,5100,SEA@DET,DET,SEA,,,,,,TE/FLEX
93784-54608,RB,Jerick,Jerick McKinnon,McKinnon,1.5,1,5100,KC@JAX,KC,JAX,,,,,,RB/FLEX
93784-89455,WR,Jayden,Jayden Reed,Reed,5.599999904632568,1,5100,GB@ATL,GB,ATL,,,,,,WR/FLEX
93784-120639,WR,Quentin,Quentin Johnston,Johnston,1.899999976158142,1,5100,LAC@TEN,LAC,TEN,,,,,,WR/FLEX
93784-88109,RB,Gary,Gary Brightwell,Brightwell,2.0999999046325684,1,5000,NYG@ARI,NYG,ARI,,,,,,RB/FLEX
93784-63591,RB,Ronald,Ronald Jones II,Jones II,2.616666634877523,6,5000,NYJ@DAL,DAL,NYJ,IR,Suspension,,,,RB/FLEX
93784-12549,D,San Francisco,San Francisco 49ers,49ers,13,1,5000,SF@LAR,SF,LAR,,,,,,DEF
93784-70133,RB,Jake,Jake Funk,Funk,2.700000047683716,1,5000,IND@HOU,IND,HOU,,,,,,RB/FLEX
93784-102902,WR,Trey,Trey Palmer,Palmer,7.800000190734863,1,5000,CHI@TB,TB,CHI,,,,,,WR/FLEX
93784-113228,TE,Luke,Luke Musgrave,Musgrave,6.5,1,5000,GB@ATL,GB,ATL,,,,,,TE/FLEX
93784-56059,WR,Trent,Trent Sherfield,Sherfield,4.04117629107307,17,5000,LV@BUF,BUF,LV,,,,,,WR/FLEX
93784-60451,TE,Tyler,Tyler Conklin,Conklin,0.699999988079071,1,5000,NYJ@DAL,NYJ,DAL,,,,,,TE/FLEX
93784-89680,TE,Jake,Jake Ferguson,Ferguson,2.0999999046325684,1,5000,NYJ@DAL,DAL,NYJ,,,,,,TE/FLEX
93784-86047,RB,Malik,Malik Davis,Davis,5.233333269755046,6,4900,NYJ@DAL,DAL,NYJ,,,,,,RB/FLEX
93784-12526,D,Buffalo,Buffalo Bills,Bills,6,1,4900,LV@BUF,BUF,LV,,,,,,DEF
93784-53498,WR,Richie,Richie James Jr.,James Jr.,1.100000023841858,1,4900,KC@JAX,KC,JAX,,,,,,WR/FLEX
93784-92545,RB,Keaontay,Keaontay Ingram,Ingram,-0.4000000059604645,1,4900,NYG@ARI,ARI,NYG,,,,,,RB/FLEX
93784-56248,WR,Noah,Noah Brown,Brown,3.4000000953674316,1,4900,IND@HOU,HOU,IND,IR,Undisclosed,,,,WR/FLEX
93784-29780,TE,Zach,Zach Ertz,Ertz,5.099999904632568,1,4900,NYG@ARI,ARI,NYG,,,,,,TE/FLEX
93784-62628,WR,DeAndre,DeAndre Carter,Carter,1,1,4900,LV@BUF,LV,BUF,,,,,,WR/FLEX
93784-26355,TE,Logan,Logan Thomas,Thomas,6.300000190734863,1,4900,WAS@DEN,WAS,DEN,,,,,,TE/FLEX
93784-14257,WR,Randall,Randall Cobb,Cobb,0,1,4900,NYJ@DAL,NYJ,DAL,,,,,,WR/FLEX
93784-137254,RB,Deuce,Deuce Vaughn,Vaughn,0.800000011920929,1,4800,NYJ@DAL,DAL,NYJ,,,,,,RB/FLEX
93784-90307,TE,Daniel,Daniel Bellinger,Bellinger,0.6000000238418579,1,4800,NYG@ARI,NYG,ARI,,,,,,TE/FLEX
93784-12535,D,Indianapolis,Indianapolis Colts,Colts,11,1,4800,IND@HOU,IND,HOU,,,,,,DEF
93784-129291,WR,Tank,Tank Dell,Dell,4.900000095367432,1,4800,IND@HOU,HOU,IND,,,,,,WR/FLEX
93784-72725,TE,Irv,Irv Smith Jr.,Smith Jr.,3.200000047683716,1,4800,BAL@CIN,CIN,BAL,,,,,,TE/FLEX
93784-87260,TE,Isaiah,Isaiah Likely,Likely,0.8999999761581421,1,4800,BAL@CIN,BAL,CIN,,,,,,TE/FLEX
93784-87418,WR,Joshua,Joshua Palmer,Palmer,0.8999999761581421,1,4800,LAC@TEN,LAC,TEN,,,,,,WR/FLEX
93784-73130,RB,Chris,Chris Evans,Evans,1.600000023841858,1,4800,BAL@CIN,CIN,BAL,,,,,,RB/FLEX
93784-71241,WR,Brandon,Brandon Johnson,Johnson,4.099999904632568,1,4800,WAS@DEN,DEN,WAS,,,,,,WR/FLEX
93784-55042,TE,Dalton,Dalton Schultz,Schultz,1.399999976158142,1,4800,IND@HOU,HOU,IND,,,,,,TE/FLEX
93784-88297,TE,Chig,Chig Okonkwo,Okonkwo,0,1,4700,LAC@TEN,TEN,LAC,,,,,,TE/FLEX
93784-12531,D,Denver,Denver Broncos,Broncos,3,1,4700,WAS@DEN,DEN,WAS,,,,,,DEF
93784-27403,TE,Blake,Blake Bell,Bell,8.199999809265137,1,4700,KC@JAX,KC,JAX,,,,,,TE/FLEX
93784-70422,WR,Kalif,Kalif Raymond,Raymond,2.5,1,4700,SEA@DET,DET,SEA,,,,,,WR/FLEX
93784-107293,RB,Tyjae,Tyjae Spears,Spears,3.299999952316284,1,4700,LAC@TEN,TEN,LAC,,,,,,RB/FLEX
93784-103376,RB,Zach,Zach Charbonnet,Charbonnet,1.100000023841858,1,4700,SEA@DET,SEA,DET,,,,,,RB/FLEX
93784-93143,TE,Noah,Noah Gray,Gray,4.599999904632568,1,4700,KC@JAX,KC,JAX,,,,,,TE/FLEX
93784-152631,WR,Samori,Samori Toure,Toure,2.799999952316284,1,4700,GB@ATL,GB,ATL,,,,,,WR/FLEX
93784-114100,RB,Isaiah,Isaiah Spiller,Spiller,1.3800000190734862,5,4700,LAC@TEN,LAC,TEN,,,,,,RB/FLEX
93784-71143,TE,Kylen,Kylen Granson,Granson,5.900000095367432,1,4700,IND@HOU,IND,HOU,,,,,,TE/FLEX
93784-71246,WR,Marquez,Marquez Callaway,Callaway,2.9799999237060546,10,4700,LV@BUF,LV,BUF,,,,,,WR/FLEX
93784-71705,TE,Noah,Noah Fant,Fant,5.511110941569011,18,4600,SEA@DET,SEA,DET,,,,,,TE/FLEX
93784-79979,WR,Jamal,Jamal Agnew,Agnew,-0.20000000298023224,1,4600,KC@JAX,JAX,KC,,,,,,WR/FLEX
93784-61593,WR,Jauan,Jauan Jennings,Jennings,0,1,4600,SF@LAR,SF,LAR,,,,,,WR/FLEX
93784-129240,WR,Tyler,Tyler Scott,Scott,2.4000000953674316,1,4600,CHI@TB,CHI,TB,,,,,,WR/FLEX
93784-69860,RB,Trayveon,Trayveon Williams,Williams,0.699999988079071,1,4600,BAL@CIN,CIN,BAL,,,,,,RB/FLEX
93784-12555,D,Baltimore,Baltimore Ravens,Ravens,11,1,4600,BAL@CIN,BAL,CIN,,,,,,DEF
93784-94481,WR,Deven,Deven Thompkins,Thompkins,2,1,4600,CHI@TB,TB,CHI,,,,,,WR/FLEX
93784-31207,TE,C.J.,C.J. Uzomah,Uzomah,3.808333396911621,12,4600,NYJ@DAL,NYJ,DAL,,,,,,TE/FLEX
93784-58041,RB,Mike,Mike Boone,Boone,3.299999952316284,1,4600,IND@HOU,HOU,IND,,,,,,RB/FLEX
93784-103187,RB,Roschon,Roschon Johnson,Johnson,14.5,1,4600,CHI@TB,CHI,TB,,,,,,RB/FLEX
93784-86811,TE,Cade,Cade Otton,Otton,2.9000000953674316,1,4600,CHI@TB,TB,CHI,,,,,,TE/FLEX
93784-40126,TE,Austin,Austin Hooper,Hooper,2.5,1,4600,LV@BUF,LV,BUF,,,,,,TE/FLEX
93784-130270,TE,Adam,Adam Trautman,Trautman,5.900000095367432,1,4600,WAS@DEN,DEN,WAS,,,,,,TE/FLEX
93784-120093,WR,Marvin,Marvin Mims Jr.,Mims Jr.,1.899999976158142,1,4600,WAS@DEN,DEN,WAS,,,,,,WR/FLEX
93784-85306,WR,KhaDarel,KhaDarel Hodge,Hodge,3.855555640326606,9,4600,GB@ATL,ATL,GB,,,,,,WR/FLEX
93784-56708,TE,Will,Will Dissly,Dissly,2.700000047683716,1,4600,SEA@DET,SEA,DET,,,,,,TE/FLEX
93784-71105,WR,Ben,Ben Skowronek,Skowronek,0,1,4600,SF@LAR,LAR,SF,,,,,,WR/FLEX
93784-89612,WR,Michael,Michael Wilson,Wilson,2.9000000953674316,1,4600,NYG@ARI,ARI,NYG,,,,,,WR/FLEX
93784-91750,TE,Trey,Trey McBride,McBride,3.299999952316284,1,4600,NYG@ARI,ARI,NYG,,,,,,TE/FLEX
93784-104278,TE,Donald,Donald Parham Jr.,Parham Jr.,9.600000381469727,1,4600,LAC@TEN,LAC,TEN,,,,,,TE/FLEX
93784-137059,RB,Sean,Sean Tucker,Tucker,3.4000000953674316,1,4600,CHI@TB,TB,CHI,,,,,,RB/FLEX
93784-89964,WR,Justyn,Justyn Ross,Ross,1.100000023841858,1,4600,KC@JAX,KC,JAX,,,,,,WR/FLEX
93784-94087,RB,DeeJay,DeeJay Dallas,Dallas,2.299999952316284,1,4600,SEA@DET,SEA,DET,,,,,,RB/FLEX
93784-79998,WR,Keelan,Keelan Cole Sr.,Cole Sr.,2.281818216497248,11,4500,LV@BUF,LV,BUF,,,,,,WR/FLEX
93784-24755,WR,Jamison,Jamison Crowder,Crowder,0,1,4500,WAS@DEN,WAS,DEN,,,,,,WR/FLEX
93784-129219,RB,Israel,Israel Abanikanda,Abanikanda,,,4500,NYJ@DAL,NYJ,DAL,,,,,,RB/FLEX
93784-12530,D,Dallas,Dallas Cowboys,Cowboys,37,1,4500,NYJ@DAL,DAL,NYJ,,,,,,DEF
93784-30989,RB,Kenyan,Kenyan Drake,Drake,7.966666539510091,12,4500,IND@HOU,IND,HOU,,,,,,RB/FLEX
93784-102696,WR,John,John Metchie III,Metchie III,,,4500,IND@HOU,HOU,IND,Q,Hamstring,,,,WR/FLEX
93784-22898,RB,Brandon,Brandon Bolden,Bolden,2.8499999046325684,8,4500,LV@BUF,LV,BUF,,,,,,RB/FLEX
93784-53639,WR,Isaiah,Isaiah McKenzie,McKenzie,0,1,4500,IND@HOU,IND,HOU,,,,,,WR/FLEX
93784-88548,WR,Jalen,Jalen Tolbert,Tolbert,0,1,4500,NYJ@DAL,DAL,NYJ,,,,,,WR/FLEX
93784-88816,TE,Peyton,Peyton Hendershot,Hendershot,0,1,4500,NYJ@DAL,DAL,NYJ,,,,,,TE/FLEX
93784-111631,WR,Jameson,Jameson Williams,Williams,2.433333396911621,6,4500,SEA@DET,DET,SEA,IR,Suspension,,,,WR/FLEX
93784-103539,WR,Wan'Dale,Wan'Dale Robinson,Robinson,6.683333079020183,6,4500,NYG@ARI,NYG,ARI,Q,Knee - acl,,,,WR/FLEX
93784-83081,RB,Chase,Chase Edmonds,Edmonds,0.800000011920929,1,4500,CHI@TB,TB,CHI,,,,,,RB/FLEX
93784-25813,WR,Phillip,Phillip Dorsett II,Dorsett II,0,1,4500,WAS@DEN,DEN,WAS,,,,,,WR/FLEX
93784-38264,WR,Demarcus,Demarcus Robinson,Robinson,5.3941174675436585,17,4500,SF@LAR,LAR,SF,,,,,,WR/FLEX
93784-71032,WR,Devin,Devin Duvernay,Duvernay,0,1,4500,BAL@CIN,BAL,CIN,,,,,,WR/FLEX
93784-138643,WR,Jason,Jason Brownlee,Brownlee,,,4500,NYJ@DAL,NYJ,DAL,,,,,,WR/FLEX
93784-91578,RB,Zamir,Zamir White,White,1.2000000476837158,1,4500,LV@BUF,LV,BUF,,,,,,RB/FLEX
93784-89588,TE,Colby,Colby Parkinson,Parkinson,1.2999999523162842,1,4500,SEA@DET,SEA,DET,,,,,,TE/FLEX
93784-52916,WR,Russell,Russell Gage,Gage,7.149999891008649,14,4500,CHI@TB,TB,CHI,IR,Knee,,,,WR/FLEX
93784-104165,RB,Lew,Lew Nichols III,Nichols III,,,4500,GB@ATL,GB,ATL,Q,Shoulder,,,,RB/FLEX
93784-138998,TE,Michael,Michael Mayer,Mayer,,,4500,LV@BUF,LV,BUF,,,,,,TE/FLEX
93784-71444,RB,Travis,Travis Homer,Homer,4.387499809265137,8,4500,CHI@TB,CHI,TB,,,,,,RB/FLEX
93784-40758,RB,Corey,Corey Clement,Clement,4.849999904632568,4,4500,NYG@ARI,ARI,NYG,,,,,,RB/FLEX
93784-61273,WR,Scotty,Scotty Miller,Miller,0,1,4500,GB@ATL,ATL,GB,,,,,,WR/FLEX
93784-69558,WR,Greg,Greg Dortch,Dortch,0,1,4500,NYG@ARI,ARI,NYG,,,,,,WR/FLEX
93784-24533,TE,Mo,Mo Alie-Cox,Alie-Cox,0,1,4500,IND@HOU,IND,HOU,,,,,,TE/FLEX
93784-53390,WR,Zach,Zach Pascal,Pascal,0,1,4400,NYG@ARI,ARI,NYG,,,,,,WR/FLEX
93784-63646,TE,Lawrence,Lawrence Cager,Cager,2.700000047683716,1,4400,NYG@ARI,NYG,ARI,,,,,,TE/FLEX
93784-12543,D,New York,New York Giants,Giants,-1,1,4400,NYG@ARI,NYG,ARI,,,,,,DEF
93784-94621,WR,Derius,Derius Davis,Davis,1,1,4400,LAC@TEN,LAC,TEN,,,,,,WR/FLEX
93784-80353,TE,Robert,Robert Tonyan,Tonyan,5.029411764705882,17,4400,CHI@TB,CHI,TB,,,,,,TE/FLEX
93784-27229,RB,Ameer,Ameer Abdullah,Abdullah,0,1,4400,LV@BUF,LV,BUF,,,,,,RB/FLEX
93784-62055,WR,Ray-Ray,Ray-Ray McCloud III,McCloud III,0,1,4400,SF@LAR,SF,LAR,,,,,,WR/FLEX
93784-93026,TE,Teagan,Teagan Quitoriano,Quitoriano,1.600000023841858,1,4400,IND@HOU,HOU,IND,,,,,,TE/FLEX
93784-91046,TE,Brock,Brock Wright,Wright,2.700000047683716,1,4400,SEA@DET,DET,SEA,,,,,,TE/FLEX
93784-29683,WR,Nelson,Nelson Agholor,Agholor,4.26428576878139,14,4400,BAL@CIN,BAL,CIN,,,,,,WR/FLEX
93784-48116,TE,Jonnu,Jonnu Smith,Smith,3.2083333333333335,12,4400,GB@ATL,ATL,GB,,,,,,TE/FLEX
93784-87127,RB,Chris,Chris Rodriguez Jr.,Rodriguez Jr.,0.699999988079071,1,4400,WAS@DEN,WAS,DEN,,,,,,RB/FLEX
93784-91417,TE,Luke,Luke Schoonmaker,Schoonmaker,,,4400,NYJ@DAL,DAL,NYJ,,,,,,TE/FLEX
93784-64841,WR,Equanimeous,Equanimeous St. Brown,St. Brown,3.387500047683716,16,4400,CHI@TB,CHI,TB,,,,,,WR/FLEX
93784-93538,WR,Dyami,Dyami Brown,Brown,4.328571319580078,7,4400,WAS@DEN,WAS,DEN,,,,,,WR/FLEX
93784-64905,WR,Trenton,Trenton Irwin,Irwin,5.327272588556463,11,4400,BAL@CIN,CIN,BAL,,,,,,WR/FLEX
93784-87469,TE,Jelani,Jelani Woods,Woods,5.141666730244954,12,4400,IND@HOU,IND,HOU,IR,Hamstring,,,,TE/FLEX
93784-63050,RB,Ty,Ty Johnson,Johnson,3.066666603088379,12,4400,LV@BUF,BUF,LV,,,,,,RB/FLEX
93784-63078,RB,Ke'Shawn,Ke'Shawn Vaughn,Vaughn,1.7399999618530273,5,4400,CHI@TB,TB,CHI,,,,,,RB/FLEX
93784-147049,TE,Drew,Drew Ogletree,Ogletree,2.5,1,4400,IND@HOU,IND,HOU,Q,Concussion,,,,TE/FLEX
93784-85635,TE,Charlie,Charlie Kolar,Kolar,0,1,4400,BAL@CIN,BAL,CIN,,,,,,TE/FLEX
93784-112455,WR,Xavier,Xavier Gipson,Gipson,6,1,4400,NYJ@DAL,NYJ,DAL,,,,,,WR/FLEX
93784-63419,WR,Andy,Andy Isabella,Isabella,1.0666666825612385,3,4400,LV@BUF,BUF,LV,,,,,,WR/FLEX
93784-24671,WR,Adam,Adam Humphries,Humphries,,,4300,IND@HOU,HOU,IND,,,,,,WR/FLEX
93784-94345,TE,Cole,Cole Turner,Turner,2.200000047683716,1,4300,WAS@DEN,WAS,DEN,,,,,,TE/FLEX
93784-57543,RB,D'Ernest,D'Ernest Johnson,Johnson,-0.4000000059604645,1,4300,KC@JAX,JAX,KC,,,,,,RB/FLEX
93784-170184,RB,Julius,Julius Chestnut,Chestnut,1.1333333651224773,6,4300,LAC@TEN,TEN,LAC,,,,,,RB/FLEX
93784-63697,TE,Brycen,Brycen Hopkins,Hopkins,2.5999999046325684,1,4300,SF@LAR,LAR,SF,,,,,,TE/FLEX
93784-12548,D,Los Angeles,Los Angeles Chargers,Chargers,0,1,4300,LAC@TEN,LAC,TEN,,,,,,DEF
93784-55748,WR,James,James Washington,Washington,0,1,4300,IND@HOU,IND,HOU,,,,,,WR/FLEX
93784-31184,RB,Jonathan,Jonathan Williams,Williams,2.8375000953674316,8,4300,WAS@DEN,WAS,DEN,Q,Undisclosed,,,,RB/FLEX
93784-57909,RB,Marlon,Marlon Mack,Mack,4.899999891008649,7,4300,NYG@ARI,ARI,NYG,IR,Achilles,,,,RB/FLEX
93784-55970,RB,Royce,Royce Freeman,Freeman,4,4,4300,SF@LAR,LAR,SF,,,,,,RB/FLEX
93784-94887,RB,Tyler,Tyler Badie,Badie,8.899999618530273,1,4300,WAS@DEN,DEN,WAS,,,,,,RB/FLEX
93784-94936,RB,Larry,Larry Rountree III,Rountree III,2.1500000953674316,2,4300,IND@HOU,HOU,IND,,,,,,RB/FLEX
93784-68714,TE,Ko,Ko Kieft,Kieft,0,1,4300,CHI@TB,TB,CHI,,,,,,TE/FLEX
93784-103619,WR,Tre,Tre Tucker,Tucker,,,4300,LV@BUF,LV,BUF,,,,,,WR/FLEX
93784-83138,TE,Ross,Ross Dwelley,Dwelley,4.5,4,4300,SF@LAR,SF,LAR,,,,,,TE/FLEX
93784-56698,WR,Dante,Dante Pettis,Pettis,3.7133333841959635,15,4300,CHI@TB,CHI,TB,Q,Undisclosed,,,,WR/FLEX
93784-56711,TE,Drew,Drew Sample,Sample,0.4000000059604645,2,4300,BAL@CIN,CIN,BAL,,,,,,TE/FLEX
93784-89493,RB,Chase,Chase Brown,Brown,,,4300,BAL@CIN,CIN,BAL,,,,,,RB/FLEX
93784-61042,WR,Kendall,Kendall Hinton,Hinton,4.0363637750799,11,4300,WAS@DEN,DEN,WAS,,,,,,WR/FLEX
93784-69295,WR,Byron,Byron Pringle,Pringle,3.8125,8,4300,WAS@DEN,WAS,DEN,,,,,,WR/FLEX
93784-61112,TE,Josiah,Josiah Deguara,Deguara,1.9888888465033636,9,4300,GB@ATL,GB,ATL,,,,,,TE/FLEX
93784-63186,WR,James,James Proche II,Proche II,0.9199999809265137,10,4300,BAL@CIN,BAL,CIN,,,,,,WR/FLEX
93784-87815,TE,Jeremy,Jeremy Ruckert,Ruckert,0.6499999761581421,2,4300,NYJ@DAL,NYJ,DAL,,,,,,TE/FLEX
93784-139094,WR,Jalin,Jalin Hyatt,Hyatt,0,1,4300,NYG@ARI,NYG,ARI,,,,,,WR/FLEX
93784-110457,WR,Dontayvion,Dontayvion Wicks,Wicks,0,1,4300,GB@ATL,GB,ATL,,,,,,WR/FLEX
93784-104424,RB,Craig,Craig Reynolds,Reynolds,4.383333206176758,6,4300,SEA@DET,DET,SEA,,,,,,RB/FLEX
93784-90123,TE,Quintin,Quintin Morris,Morris,2.4000000953674316,8,4200,LV@BUF,BUF,LV,,,,,,TE/FLEX
93784-63550,WR,Isaiah,Isaiah Zuber,Zuber,,,4200,LV@BUF,LV,BUF,Q,Undisclosed,,,,WR/FLEX
93784-28827,RB,Dare,Dare Ogunbowale,Ogunbowale,3.51818188753995,11,4200,IND@HOU,HOU,IND,Q,Hamstring,,,,RB/FLEX
93784-32957,TE,Eric,Eric Tomlinson,Tomlinson,3.049999952316284,8,4200,IND@HOU,HOU,IND,,,,,,TE/FLEX
93784-28907,WR,Alex,Alex Erickson,Erickson,0,1,4200,LAC@TEN,LAC,TEN,,,,,,WR/FLEX
93784-86255,TE,Josh,Josh Whyle,Whyle,,,4200,LAC@TEN,TEN,LAC,,,,,,TE/FLEX
93784-12533,D,Green Bay,Green Bay Packers,Packers,15,1,4200,GB@ATL,GB,ATL,,,,,,DEF
93784-131328,RB,Zach,Zach Evans,Evans,,,4200,SF@LAR,LAR,SF,,,,,,RB/FLEX
93784-33047,WR,Chris,Chris Moore,Moore,0,1,4200,LAC@TEN,TEN,LAC,,,,,,WR/FLEX
93784-90408,WR,Dax,Dax Milne,Milne,0.8466666539510092,15,4200,WAS@DEN,WAS,DEN,IR,Groin,,,,WR/FLEX
93784-137516,WR,Parker,Parker Washington,Washington,,,4200,KC@JAX,JAX,KC,,,,,,WR/FLEX
93784-102729,RB,Snoop,Snoop Conner,Conner,2.0399999618530273,5,4200,KC@JAX,JAX,KC,,,,,,RB/FLEX
93784-149832,TE,Shane,Shane Zylstra,Zylstra,4.4375,8,4200,SEA@DET,DET,SEA,IR,Knee,,,,TE/FLEX
93784-39286,TE,O.J.,O.J. Howard,Howard,2.8636363636363638,11,4200,LV@BUF,LV,BUF,,,,,,TE/FLEX
93784-90522,TE,Cameron,Cameron Latu,Latu,,,4200,SF@LAR,SF,LAR,IR,Knee - meniscus,,,,TE/FLEX
93784-6672,TE,Marcedes,Marcedes Lewis,Lewis,3.933333396911621,6,4200,CHI@TB,CHI,TB,,,,,,TE/FLEX
93784-102928,RB,Eric,Eric Gray,Gray,0,1,4200,NYG@ARI,NYG,ARI,,,,,,RB/FLEX
93784-70206,RB,Jason,Jason Huntley,Huntley,,,4200,IND@HOU,IND,HOU,,,,,,RB/FLEX
93784-88685,WR,Austin,Austin Trammell,Trammell,1.149999976158142,2,4200,SF@LAR,LAR,SF,,,,,,WR/FLEX
93784-94831,RB,Deneric,Deneric Prince,Prince,,,4200,KC@JAX,KC,JAX,,,,,,RB/FLEX
93784-70282,WR,Demetric,Demetric Felton,Felton,0.27999999523162844,5,4200,BAL@CIN,CIN,BAL,,,,,,WR/FLEX
93784-88752,WR,Charlie,Charlie Jones,Jones,0,1,4200,BAL@CIN,CIN,BAL,,,,,,WR/FLEX
93784-70426,RB,Reggie,Reggie Gilliam,Gilliam,3.6200000762939455,5,4200,LV@BUF,BUF,LV,,,,,,RB/FLEX
93784-27441,RB,Damien,Damien Williams,Williams,0.20000000298023224,1,4200,LV@BUF,LV,BUF,,,,,,RB/FLEX
93784-41806,WR,Laquon,Laquon Treadwell,Treadwell,2.3999999364217124,3,4200,BAL@CIN,BAL,CIN,,,,,,WR/FLEX
93784-103252,RB,Zonovan,Zonovan Knight,Knight,7.5,7,4200,SEA@DET,DET,SEA,,,,,,RB/FLEX
93784-86875,RB,Jordan,Jordan Mason,Mason,3.6666666666666665,9,4200,SF@LAR,SF,LAR,,,,,,RB/FLEX
93784-136031,WR,Rakim,Rakim Jarrett,Jarrett,0,1,4200,CHI@TB,TB,CHI,,,,,,WR/FLEX
93784-134023,RB,Keaton,Keaton Mitchell,Mitchell,,,4200,BAL@CIN,BAL,CIN,IR,Shoulder,,,,RB/FLEX
93784-93075,TE,Hunter,Hunter Long,Long,0,1,4200,SF@LAR,LAR,SF,IR,Thigh,,,,TE/FLEX
93784-64403,WR,Irvin,Irvin Charles,Charles,,,4200,NYJ@DAL,NYJ,DAL,,,,,,WR/FLEX
93784-41954,WR,Victor,Victor Bolden,Bolden,,,4200,IND@HOU,HOU,IND,,,,,,WR/FLEX
93784-119788,WR,Xavier,Xavier Hutchinson,Hutchinson,1.399999976158142,1,4200,IND@HOU,HOU,IND,,,,,,WR/FLEX
93784-72705,TE,John,John Bates,Bates,2.644444359673394,9,4200,WAS@DEN,WAS,DEN,,,,,,TE/FLEX
93784-70661,WR,Velus,Velus Jones Jr.,Jones Jr.,2.772727272727273,11,4200,CHI@TB,CHI,TB,,,,,,WR/FLEX
93784-70663,WR,Frank,Frank Darby,Darby,2,1,4200,GB@ATL,ATL,GB,Q,Undisclosed,,,,WR/FLEX
93784-62505,TE,MyCole,MyCole Pruitt,Pruitt,4.7,10,4200,GB@ATL,ATL,GB,,,,,,TE/FLEX
93784-89157,RB,Caleb,Caleb Huntley,Huntley,3.6583334604899087,12,4200,GB@ATL,ATL,GB,Q,Achilles,,,,RB/FLEX
93784-89209,RB,Trestan,Trestan Ebner,Ebner,0.5199999809265137,10,4200,CHI@TB,CHI,TB,Q,Concussion,,,,RB/FLEX
93784-68730,TE,Sean,Sean McKeon,McKeon,1.0499999523162842,2,4200,NYJ@DAL,DAL,NYJ,,,,,,TE/FLEX
93784-58499,TE,Parker,Parker Hesse,Hesse,1.4888888465033636,9,4200,GB@ATL,ATL,GB,,,,,,TE/FLEX
93784-103587,TE,Brenton,Brenton Strange,Strange,,,4200,KC@JAX,JAX,KC,,,,,,TE/FLEX
93784-105648,RB,Tyler,Tyler Goodson,Goodson,,,4200,IND@HOU,IND,HOU,,,,,,RB/FLEX
93784-89283,TE,Tre',Tre' McKitty,McKitty,1.4800000190734863,10,4200,LAC@TEN,LAC,TEN,,,,,,TE/FLEX
93784-93391,TE,Payne,Payne Durham,Durham,,,4200,CHI@TB,TB,CHI,,,,,,TE/FLEX
93784-91361,RB,Hassan,Hassan Haskins,Haskins,1.7083333333333333,12,4200,LAC@TEN,TEN,LAC,IR,Undisclosed,,,,RB/FLEX
93784-70889,RB,Benny,Benny Snell Jr.,Snell Jr.,2.9500001271565757,6,4200,SEA@DET,DET,SEA,,,,,,RB/FLEX
93784-64907,WR,J.J.,J.J. Arcega-Whiteside,Arcega-Whiteside,,,4200,GB@ATL,ATL,GB,,,,,,WR/FLEX
93784-60838,WR,Andre,Andre Baccellia,Baccellia,1.6,5,4200,NYG@ARI,ARI,NYG,,,,,,WR/FLEX
93784-34295,WR,Breshad,Breshad Perriman,Perriman,2.3499999046325684,8,4200,IND@HOU,IND,HOU,,,,,,WR/FLEX
93784-60957,WR,KaVontae,KaVontae Turpin,Turpin,9.5,1,4200,NYJ@DAL,DAL,NYJ,,,,,,WR/FLEX
93784-18009,TE,Chris,Chris Manhertz,Manhertz,1.028571401323591,7,4200,WAS@DEN,DEN,WAS,,,,,,TE/FLEX
93784-147051,RB,Jaleel,Jaleel McLaughlin,McLaughlin,-0.20000000298023224,1,4200,WAS@DEN,DEN,WAS,,,,,,RB/FLEX
93784-38523,TE,Geoff,Geoff Swaim,Swaim,1.618181748823686,11,4200,NYG@ARI,ARI,NYG,,,,,,TE/FLEX
93784-65182,TE,Mitchell,Mitchell Wilcox,Wilcox,2.8454544760964136,11,4200,BAL@CIN,CIN,BAL,,,,,,TE/FLEX
93784-104176,WR,Deonte,Deonte Harty,Harty,2.799999952316284,1,4200,LV@BUF,BUF,LV,,,,,,WR/FLEX
93784-136970,WR,Danny,Danny Gray,Gray,0.48000001907348633,5,4200,SF@LAR,SF,LAR,IR,Shoulder - ac joint,,,,WR/FLEX
93784-22288,WR,Cole,Cole Beasley,Beasley,3.1142856052943637,7,4200,NYG@ARI,NYG,ARI,O,Leg,,,,WR/FLEX
93784-104297,WR,Jason,Jason Moore,Moore,1,1,4200,SEA@DET,DET,SEA,,,,,,WR/FLEX
93784-89970,WR,Amari,Amari Rodgers,Rodgers,2.0733333587646485,15,4200,IND@HOU,IND,HOU,,,,,,WR/FLEX
93784-85881,RB,Mohamed,Mohamed Ibrahim,Ibrahim,,,4200,SEA@DET,DET,SEA,Q,Undisclosed,,,,RB/FLEX
93784-94116,TE,Will,Will Mallory,Mallory,,,4200,IND@HOU,IND,HOU,,,,,,TE/FLEX
93784-104388,WR,Tom,Tom Kennedy,Kennedy,3.0166667302449546,6,4200,SEA@DET,DET,SEA,Q,Arm,,,,WR/FLEX
93784-110603,RB,Titus,Titus Swen,Swen,,,4100,IND@HOU,IND,HOU,,,,,,RB/FLEX
93784-79982,RB,Alex,Alex Armah,Armah,,,4100,WAS@DEN,WAS,DEN,,,,,,RB/FLEX
93784-79987,WR,David,David Moore,Moore,,,4100,CHI@TB,TB,CHI,,,,,,WR/FLEX
93784-63603,WR,Jared,Jared Pinkney,Pinkney,,,4100,CHI@TB,CHI,TB,Q,Undisclosed,,,,WR/FLEX
93784-69752,WR,Jalen,Jalen Virgil,Virgil,3.125,4,4100,WAS@DEN,DEN,WAS,IR,Knee - meniscus,,,,WR/FLEX
93784-63625,RB,Nyheim,Nyheim Hines,Hines,3.8055555555555554,18,4100,LV@BUF,BUF,LV,IR,Knee,,,,RB/FLEX
93784-86203,WR,Justin,Justin Shorter,Shorter,,,4100,LV@BUF,BUF,LV,IR,Hamstring,,,,WR/FLEX
93784-65724,RB,JaMycal,JaMycal Hasty,Hasty,4.320000203450521,15,4100,KC@JAX,JAX,KC,,,,,,RB/FLEX
93784-149742,RB,Nate,Nate McCrary,McCrary,,,4100,GB@ATL,GB,ATL,,,,,,RB/FLEX
93784-12551,D,Tampa Bay,Tampa Bay Buccaneers,Buccaneers,9,1,4100,CHI@TB,TB,CHI,,,,,,DEF
93784-63839,TE,Tyler,Tyler Mabry,Mabry,7.199999809265137,1,4100,SEA@DET,SEA,DET,,,,,,TE/FLEX
93784-88433,RB,Travis,Travis Dye,Dye,,,4100,NYJ@DAL,NYJ,DAL,,,,,,RB/FLEX
93784-90480,TE,Joel,Joel Wilson,Wilson,,,4100,LV@BUF,BUF,LV,,,,,,TE/FLEX
93784-43416,WR,Trent,Trent Taylor,Taylor,0,1,4100,CHI@TB,CHI,TB,,,,,,WR/FLEX
93784-80299,RB,Patrick,Patrick Ricard,Ricard,1.1153846153846154,13,4100,BAL@CIN,BAL,CIN,,,,,,RB/FLEX
93784-41430,WR,Devin,Devin Ross,Ross,,,4100,LV@BUF,LV,BUF,,,,,,WR/FLEX
93784-14820,RB,Nick,Nick Bellore,Bellore,0.30000001192092896,1,4100,SEA@DET,SEA,DET,,,,,,RB/FLEX
93784-72182,WR,Dee,Dee Eskridge,Eskridge,1.144444465637207,9,4100,SEA@DET,SEA,DET,IR,Suspension,,,,WR/FLEX
93784-39428,RB,Kyle,Kyle Juszczyk,Juszczyk,3.066666666666667,15,4100,SF@LAR,SF,LAR,,,,,,RB/FLEX
93784-150090,WR,Cade,Cade Johnson,Johnson,2.8333333333333335,3,4100,SEA@DET,SEA,DET,,,,,,WR/FLEX
93784-55941,RB,Patrick,Patrick Laird,Laird,,,4100,CHI@TB,TB,CHI,,,,,,RB/FLEX
93784-64221,TE,Zach,Zach Gentry,Gentry,1.6214286259242467,14,4100,BAL@CIN,CIN,BAL,,,,,,TE/FLEX
93784-54007,TE,Jacob,Jacob Hollister,Hollister,,,4100,LV@BUF,LV,BUF,Q,Undisclosed,,,,TE/FLEX
93784-93023,RB,Jermar,Jermar Jefferson,Jefferson,,,4100,SEA@DET,DET,SEA,Q,Undisclosed,,,,RB/FLEX
93784-64350,WR,Jeff,Jeff Smith,Smith,2.4857142312186107,7,4100,NYG@ARI,NYG,ARI,,,,,,WR/FLEX
93784-56289,RB,Jason,Jason Cabinda,Cabinda,0.3499999940395355,4,4100,SEA@DET,DET,SEA,,,,,,RB/FLEX
93784-154661,WR,Michael,Michael Bandy,Bandy,1.5444444020589192,9,4100,WAS@DEN,DEN,WAS,,,,,,WR/FLEX
93784-70705,TE,Trevon,Trevon Wesco,Wesco,1.399999976158142,4,4100,LAC@TEN,TEN,LAC,,,,,,TE/FLEX
93784-72772,RB,Avery,Avery Williams,Williams,1.6176470588235294,17,4100,GB@ATL,ATL,GB,IR,Knee - acl,,,,RB/FLEX
93784-87112,WR,Josh,Josh Ali,Ali,0,1,4100,GB@ATL,ATL,GB,,,,,,WR/FLEX
93784-46177,TE,David,David Wells,Wells,,,4100,CHI@TB,TB,CHI,,,,,,TE/FLEX
93784-68712,WR,Tyler,Tyler Johnson,Johnson,,,4100,SF@LAR,LAR,SF,,,,,,WR/FLEX
93784-83117,TE,Tanner,Tanner Hudson,Hudson,3.0333334604899087,6,4100,BAL@CIN,CIN,BAL,,,,,,TE/FLEX
93784-52409,RB,Jakob,Jakob Johnson,Johnson,0.5,7,4100,LV@BUF,LV,BUF,,,,,,RB/FLEX
93784-95455,WR,D.J.,D.J. Montgomery,Montgomery,,,4100,IND@HOU,IND,HOU,,,,,,WR/FLEX
93784-130275,WR,Kristian,Kristian Wilkerson,Wilkerson,,,4100,LV@BUF,LV,BUF,,,,,,WR/FLEX
93784-130274,WR,Isaiah,Isaiah Coulter,Coulter,,,4100,LV@BUF,BUF,LV,,,,,,WR/FLEX
93784-60705,WR,Tyron,Tyron Billy-Johnson,Billy-Johnson,0.6499999761581421,2,4100,NYJ@DAL,DAL,NYJ,,,,,,WR/FLEX
93784-91467,TE,Jake,Jake Tonges,Tonges,0,1,4100,CHI@TB,CHI,TB,,,,,,TE/FLEX
93784-93531,WR,Antoine,Antoine Green,Green,,,4100,SEA@DET,DET,SEA,,,,,,WR/FLEX
93784-64864,TE,Noah,Noah Togiai,Togiai,0,1,4100,NYG@ARI,ARI,NYG,,,,,,TE/FLEX
93784-71031,WR,Lil'Jordan,Lil'Jordan Humphrey,Humphrey,8.100000381469727,1,4100,WAS@DEN,DEN,WAS,,,,,,WR/FLEX
93784-73089,TE,Devin,Devin Asiasi,Asiasi,0.375,4,4100,BAL@CIN,CIN,BAL,,,,,,TE/FLEX
93784-73161,TE,Chase,Chase Allen,Allen,,,4100,CHI@TB,CHI,TB,Q,Undisclosed,,,,TE/FLEX
93784-69068,RB,Jonathan,Jonathan Ward,Ward,2.0999999046325684,2,4100,LAC@TEN,TEN,LAC,Q,Knee,,,,RB/FLEX
93784-103896,WR,Nsimba,Nsimba Webster,Webster,2.4000000953674316,1,4100,CHI@TB,CHI,TB,,,,,,WR/FLEX
93784-73176,TE,Luke,Luke Farrell,Farrell,1.5,4,4100,KC@JAX,JAX,KC,,,,,,TE/FLEX
93784-87515,WR,Tylan,Tylan Wallace,Wallace,1.0600000381469727,5,4100,BAL@CIN,BAL,CIN,,,,,,WR/FLEX
93784-103901,WR,Davion,Davion Davis,Davis,,,4100,NYG@ARI,ARI,NYG,,,,,,WR/FLEX
93784-185861,RB,Emanuel,Emanuel Wilson,Wilson,,,4100,GB@ATL,GB,ATL,,,,,,RB/FLEX
93784-62994,WR,Steven,Steven Sims Jr.,Sims Jr.,2.0333333015441895,12,4100,IND@HOU,HOU,IND,,,,,,WR/FLEX
93784-103966,TE,Stone,Stone Smartt,Smartt,1.2333333492279053,3,4100,LAC@TEN,LAC,TEN,,,,,,TE/FLEX
93784-138786,WR,Malik,Malik Heath,Heath,0,1,4100,GB@ATL,GB,ATL,,,,,,WR/FLEX
93784-60977,RB,Ty'Son,Ty'Son Williams,Williams,1,1,4100,NYG@ARI,ARI,NYG,,,,,,RB/FLEX
93784-54863,WR,C.J.,C.J. Goodwin,Goodwin,,,4100,NYJ@DAL,DAL,NYJ,,,,,,WR/FLEX
93784-87657,WR,Seth,Seth Williams,Williams,,,4100,KC@JAX,JAX,KC,,,,,,WR/FLEX
93784-56947,TE,Chris,Chris Myarick,Myarick,2.2857142857142856,7,4100,NYG@ARI,NYG,ARI,IR,Hand,,,,TE/FLEX
93784-61060,RB,Devine,Devine Ozigbo,Ozigbo,0.40000001589457196,3,4100,SEA@DET,DET,SEA,,,,,,RB/FLEX
93784-61072,WR,Stanley,Stanley Morgan,Morgan,0,1,4100,BAL@CIN,CIN,BAL,,,,,,WR/FLEX
93784-110230,RB,Kenny,Kenny McIntosh,McIntosh,,,4100,SEA@DET,SEA,DET,IR,Knee,,,,RB/FLEX
93784-71351,TE,Charlie,Charlie Woerner,Woerner,0,2,4100,SF@LAR,SF,LAR,,,,,,TE/FLEX
93784-69302,TE,Feleipe,Feleipe Franks,Franks,0,2,4100,GB@ATL,ATL,GB,IR,Undisclosed,,,,TE/FLEX
93784-30403,WR,Chris,Chris Conley,Conley,1.649999976158142,4,4100,SF@LAR,SF,LAR,,,,,,WR/FLEX
93784-71367,RB,La'Mical,La'Mical Perine,Perine,,,4100,KC@JAX,KC,JAX,,,,,,RB/FLEX
93784-85731,WR,Racey,Racey McMath,McMath,1.350000023841858,4,4100,IND@HOU,IND,HOU,,,,,,WR/FLEX
93784-61172,TE,Tyler,Tyler Davis,Davis,0.9199999809265137,5,4100,GB@ATL,GB,ATL,IR,Knee,,,,TE/FLEX
93784-91902,WR,Kyle,Kyle Philips,Philips,1.9500000476837158,4,4100,LAC@TEN,TEN,LAC,IR,Knee - mcl,,,,WR/FLEX
93784-55088,WR,Malik,Malik Turner,Turner,,,4100,IND@HOU,IND,HOU,Q,Undisclosed,,,,WR/FLEX
93784-91971,RB,Ronnie,Ronnie Rivers,Rivers,3.75,2,4100,SF@LAR,LAR,SF,,,,,,RB/FLEX
93784-57208,WR,KeeSean,KeeSean Johnson,Johnson,,,4100,LV@BUF,BUF,LV,,,,,,WR/FLEX
93784-94094,TE,Brevin,Brevin Jordan,Jordan,2.1999999152289496,9,4100,IND@HOU,HOU,IND,,,,,,TE/FLEX
93784-169937,WR,Lance,Lance McCutcheon,McCutcheon,0,2,4100,IND@HOU,HOU,IND,,,,,,WR/FLEX
93784-63447,WR,Penny,Penny Hart,Hart,1.1666666666666667,3,4100,GB@ATL,ATL,GB,IR,Concussion,,,,WR/FLEX
93784-85986,TE,James,James Mitchell,Mitchell,2.8499999046325684,8,4100,SEA@DET,DET,SEA,,,,,,TE/FLEX
93784-104421,TE,Jesper,Jesper Horsted,Horsted,1.7000000476837158,2,4100,LV@BUF,LV,BUF,,,,,,TE/FLEX
93784-104447,TE,Jody,Jody Fortson,Fortson,2.529999923706055,10,4100,KC@JAX,KC,JAX,IR,Shoulder,,,,TE/FLEX
93784-96269,RB,Owen,Owen Wright,Wright,,,4000,BAL@CIN,BAL,CIN,,,,,,RB/FLEX
93784-40977,TE,Ricky,Ricky Seals-Jones,Seals-Jones,,,4000,IND@HOU,IND,HOU,Q,Foot,,,,TE/FLEX
93784-170000,WR,Shemar,Shemar Bridges,Bridges,,,4000,BAL@CIN,BAL,CIN,Q,Knee,,,,WR/FLEX
93784-110624,WR,C.J.,C.J. Johnson,Johnson,,,4000,SEA@DET,SEA,DET,,,,,,WR/FLEX
93784-133163,WR,Ra'Shaun,Ra'Shaun Henry,Henry,,,4000,SEA@DET,SEA,DET,IR,Undisclosed,,,,WR/FLEX
93784-86075,TE,Lucas,Lucas Krull,Krull,,,4000,WAS@DEN,DEN,WAS,,,,,,TE/FLEX
93784-94269,RB,Henry,Henry Pearson,Pearson,,,4000,GB@ATL,GB,ATL,,,,,,RB/FLEX
93784-59455,TE,Sammis,Sammis Reyes,Reyes,,,4000,KC@JAX,JAX,KC,IR,Concussion,,,,TE/FLEX
93784-174148,RB,Carlos,Carlos Washington Jr.,Washington Jr.,,,4000,GB@ATL,ATL,GB,,,,,,RB/FLEX
93784-65607,TE,Jacob,Jacob Harris,Harris,1.100000023841858,1,4000,KC@JAX,JAX,KC,,,,,,TE/FLEX
93784-165962,TE,Nikola,Nikola Kalinic,Kalinic,0,1,4000,SF@LAR,LAR,SF,,,,,,TE/FLEX
93784-41042,WR,Marcell,Marcell Ateman,Ateman,,,4000,LV@BUF,BUF,LV,,,,,,WR/FLEX
93784-65627,WR,Maurice,Maurice Alexander,Alexander,0.40000001589457196,3,4000,SEA@DET,DET,SEA,,,,,,WR/FLEX
93784-86125,WR,Brandon,Brandon Smith,Smith,,,4000,NYG@ARI,ARI,NYG,,,,,,WR/FLEX
93784-61555,WR,David,David Sills V,Sills V,2.3000000544956754,7,4000,WAS@DEN,DEN,WAS,,,,,,WR/FLEX
93784-55414,WR,Cody,Cody Thompson,Thompson,,,4000,SEA@DET,SEA,DET,,,,,,WR/FLEX
93784-71806,TE,Kaden,Kaden Smith,Smith,,,4000,WAS@DEN,WAS,DEN,IR,Undisclosed,,,,TE/FLEX
93784-84101,WR,Vyncint,Vyncint Smith,Smith,,,4000,IND@HOU,IND,HOU,,,,,,WR/FLEX
93784-155790,TE,Izaiah,Izaiah Gathings,Gathings,,,4000,KC@JAX,KC,JAX,,,,,,TE/FLEX
93784-71821,WR,Joe,Joe Reed,Reed,,,4000,CHI@TB,CHI,TB,IR,Undisclosed,,,,WR/FLEX
93784-94363,WR,Elijah,Elijah Cooks,Cooks,,,4000,KC@JAX,JAX,KC,,,,,,WR/FLEX
93784-178337,RB,Tyler,Tyler Hoosman,Hoosman,,,4000,LAC@TEN,LAC,TEN,,,,,,RB/FLEX
93784-86178,TE,Dominique,Dominique Dafney,Dafney,,,4000,CHI@TB,TB,CHI,Q,Undisclosed,,,,TE/FLEX
93784-92331,TE,Johnny,Johnny Lumpkin,Lumpkin,,,4000,IND@HOU,IND,HOU,,,,,,TE/FLEX
93784-61610,RB,Jacques,Jacques Patrick,Patrick,,,4000,LAC@TEN,TEN,LAC,,,,,,RB/FLEX
93784-157875,WR,Grant,Grant DuBose,DuBose,,,4000,GB@ATL,GB,ATL,,,,,,WR/FLEX
93784-86192,WR,KJ,KJ Hamler,Hamler,3.7166665395100913,6,4000,WAS@DEN,DEN,WAS,Q,Pectoral,,,,WR/FLEX
93784-151737,TE,E.J.,E.J. Jenkins,Jenkins,,,4000,NYJ@DAL,NYJ,DAL,,,,,,TE/FLEX
93784-86205,WR,Mac,Mac Hippenhammer,Hippenhammer,,,4000,BAL@CIN,CIN,BAL,,,,,,WR/FLEX
93784-69836,WR,Collin,Collin Johnson,Johnson,,,4000,NYG@ARI,NYG,ARI,,,,,,WR/FLEX
93784-149708,TE,Zach,Zach Davidson,Davidson,,,4000,LV@BUF,BUF,LV,IR,Undisclosed,,,,TE/FLEX
93784-149727,TE,Bernhard,Bernhard Seikovits,Seikovits,,,4000,NYG@ARI,ARI,NYG,,,,,,TE/FLEX
93784-137439,WR,Zion,Zion Bowens,Bowens,,,4000,WAS@DEN,WAS,DEN,,,,,,WR/FLEX
93784-57565,RB,Austin,Austin Walter,Walter,,,4000,LV@BUF,LV,BUF,IR,Undisclosed,,,,RB/FLEX
93784-86238,TE,Zack,Zack Kuntz,Kuntz,,,4000,NYJ@DAL,NYJ,DAL,,,,,,TE/FLEX
93784-170208,WR,Kaden,Kaden Davis,Davis,,,4000,NYG@ARI,ARI,NYG,,,,,,WR/FLEX
93784-170214,WR,Dennis,Dennis Houston,Houston,1.2999999523162842,2,4000,NYG@ARI,NYG,ARI,,,,,,WR/FLEX
93784-170213,RB,Aaron,Aaron Shampklin,Shampklin,,,4000,LAC@TEN,LAC,TEN,,,,,,RB/FLEX
93784-88294,WR,Dontay,Dontay Demus Jr.,Demus Jr.,,,4000,BAL@CIN,BAL,CIN,,,,,,WR/FLEX
93784-92395,RB,Chris,Chris Smith,Smith,,,4000,SEA@DET,SEA,DET,,,,,,RB/FLEX
93784-12525,D,Atlanta,Atlanta Falcons,Falcons,12,1,4000,GB@ATL,ATL,GB,,,,,,DEF
93784-86254,TE,Leonard,Leonard Taylor,Taylor,,,4000,KC@JAX,JAX,KC,IR,Undisclosed,,,,TE/FLEX
93784-90353,WR,Jesse,Jesse Matthews,Matthews,,,4000,IND@HOU,HOU,IND,IR,Knee - acl,,,,WR/FLEX
93784-94453,RB,Darwin,Darwin Thompson,Thompson,,,4000,LV@BUF,LV,BUF,,,,,,RB/FLEX
93784-12532,D,Detroit,Detroit Lions,Lions,9,1,4000,SEA@DET,DET,SEA,,,,,,DEF
93784-88313,WR,Brian,Brian Cobbs,Cobbs,,,4000,NYG@ARI,ARI,NYG,,,,,,WR/FLEX
93784-61693,TE,Danny,Danny Pinter,Pinter,,,4000,IND@HOU,IND,HOU,IR,Ankle,,,,TE/FLEX
93784-71935,WR,Kendric,Kendric Pryor,Pryor,,,4000,KC@JAX,JAX,KC,,,,,,WR/FLEX
93784-92432,WR,Jose,Jose Barbon,Barbon,,,4000,NYJ@DAL,DAL,NYJ,,,,,,WR/FLEX
93784-90398,TE,Matt,Matt Bushman,Bushman,,,4000,KC@JAX,KC,JAX,,,,,,TE/FLEX
93784-174372,WR,Nick,Nick Williams,Williams,,,4000,WAS@DEN,DEN,WAS,,,,,,WR/FLEX
93784-86316,RB,Chuck,Chuck McClelland,McClelland,,,4000,LAC@TEN,TEN,LAC,,,,,,RB/FLEX
93784-170290,TE,Dre,Dre Miller,Miller,,,4000,GB@ATL,GB,ATL,,,,,,TE/FLEX
93784-92465,WR,Sean,Sean Ryan,Ryan,,,4000,BAL@CIN,BAL,CIN,,,,,,WR/FLEX
93784-45371,WR,Darius,Darius Phillips,Phillips,,,4000,IND@HOU,HOU,IND,,,,,,WR/FLEX
93784-102721,WR,Dontario,Dontario Drummond,Drummond,,,4000,NYJ@DAL,DAL,NYJ,,,,,,WR/FLEX
93784-149827,TE,Nick,Nick Guggemos,Guggemos,,,4000,LV@BUF,BUF,LV,,,,,,TE/FLEX
93784-86341,RB,Xazavian,Xazavian Valladay,Valladay,,,4000,NYJ@DAL,NYJ,DAL,,,,,,RB/FLEX
93784-90456,WR,Ty,Ty Scott,Scott,,,4000,KC@JAX,KC,JAX,,,,,,WR/FLEX
93784-90458,RB,Troy,Troy Hairston,Hairston,0.6285714421953473,7,4000,IND@HOU,HOU,IND,IR,Back,,,,RB/FLEX
93784-63851,TE,Tyree,Tyree Jackson,Jackson,,,4000,NYG@ARI,NYG,ARI,,,,,,TE/FLEX
93784-94579,RB,Emari,Emari Demercado,Demercado,,,4000,NYG@ARI,ARI,NYG,,,,,,RB/FLEX
93784-90483,TE,Bernhard,Bernhard Raimann,Raimann,,,4000,IND@HOU,IND,HOU,,,,,,TE/FLEX
93784-90487,WR,Kalil,Kalil Pimpleton,Pimpleton,,,4000,NYG@ARI,NYG,ARI,,,,,,WR/FLEX
93784-45439,WR,Corey,Corey Davis,Davis,6.276922959547776,13,4000,NYJ@DAL,NYJ,DAL,IR,Personal,,,,WR/FLEX
93784-156039,WR,Shae,Shae Wyatt,Wyatt,,,4000,SF@LAR,SF,LAR,,,,,,WR/FLEX
93784-70023,WR,Cornell,Cornell Powell,Powell,,,4000,KC@JAX,KC,JAX,,,,,,WR/FLEX
93784-94600,WR,John,John Stephens Jr.,Stephens Jr.,,,4000,NYJ@DAL,DAL,NYJ,IR,Knee - acl,,,,WR/FLEX
93784-88463,WR,Johnny,Johnny Johnson III,Johnson III,,,4000,IND@HOU,HOU,IND,,,,,,WR/FLEX
93784-55694,WR,Mike,Mike Thomas,Thomas,1.7000000476837158,4,4000,BAL@CIN,BAL,CIN,Q,Shoulder - labrum,,,,WR/FLEX
93784-94606,WR,Taye,Taye Barber,Barber,,,4000,CHI@TB,TB,CHI,,,,,,WR/FLEX
93784-102802,WR,Makai,Makai Polk,Polk,,,4000,BAL@CIN,BAL,CIN,Q,Undisclosed,,,,WR/FLEX
93784-90518,WR,Slade,Slade Bolden,Bolden,,,4000,GB@ATL,ATL,GB,,,,,,WR/FLEX
93784-70043,TE,Cole,Cole Fotheringham,Fotheringham,,,4000,LV@BUF,LV,BUF,,,,,,TE/FLEX
93784-92573,TE,Travis,Travis Vokolek,Vokolek,,,4000,BAL@CIN,BAL,CIN,,,,,,TE/FLEX
93784-111012,WR,Kaylon,Kaylon Geiger Sr.,Geiger Sr.,,,4000,CHI@TB,TB,CHI,,,,,,WR/FLEX
93784-102831,TE,Davis,Davis Allen,Allen,,,4000,SF@LAR,LAR,SF,,,,,,TE/FLEX
93784-92606,WR,Bo,Bo Melton,Melton,,,4000,GB@ATL,GB,ATL,,,,,,WR/FLEX
93784-47551,TE,Mason,Mason Schreck,Schreck,0.800000011920929,2,4000,IND@HOU,HOU,IND,,,,,,TE/FLEX
93784-72133,WR,Antoine,Antoine Wesley,Wesley,,,4000,LV@BUF,LV,BUF,,,,,,WR/FLEX
93784-55750,WR,Chris,Chris Lacy,Lacy,,,4000,LV@BUF,LV,BUF,Q,Undisclosed,,,,WR/FLEX
93784-113096,WR,Xavier,Xavier Smith,Smith,,,4000,SF@LAR,LAR,SF,,,,,,WR/FLEX
93784-86472,WR,John,John Hightower,Hightower,,,4000,LAC@TEN,LAC,TEN,,,,,,WR/FLEX
93784-117201,WR,Isaiah,Isaiah Winstead,Winstead,,,4000,SF@LAR,SF,LAR,,,,,,WR/FLEX
93784-109008,WR,Jalen,Jalen Cropper,Cropper,,,4000,NYJ@DAL,DAL,NYJ,,,,,,WR/FLEX
93784-90583,WR,Tyrell,Tyrell Shavers,Shavers,,,4000,LV@BUF,BUF,LV,,,,,,WR/FLEX
93784-88536,WR,Cephus,Cephus Johnson III,Johnson III,,,4000,CHI@TB,TB,CHI,,,,,,WR/FLEX
93784-129508,WR,Duece,Duece Watts,Watts,,,4000,GB@ATL,GB,ATL,,,,,,WR/FLEX
93784-102893,RB,Tyrion,Tyrion Davis-Price,Davis-Price,1.9799999237060546,5,4000,SF@LAR,SF,LAR,,,,,,RB/FLEX
93784-41469,TE,Darrell,Darrell Daniels,Daniels,,,4000,SEA@DET,DET,SEA,,,,,,TE/FLEX
93784-92677,WR,Zavier,Zavier Scott,Scott,,,4000,IND@HOU,IND,HOU,Q,Knee - meniscus,,,,WR/FLEX
93784-90628,TE,Griffin,Griffin Hebert,Hebert,,,4000,SEA@DET,SEA,DET,,,,,,TE/FLEX
93784-154139,RB,Clint,Clint Ratkovich,Ratkovich,,,4000,GB@ATL,ATL,GB,,,,,,RB/FLEX
93784-160303,TE,Tucker,Tucker Kraft,Kraft,,,4000,GB@ATL,GB,ATL,,,,,,TE/FLEX
93784-14895,TE,Patrick,Patrick Scales,Scales,,,4000,CHI@TB,CHI,TB,,,,,,TE/FLEX
93784-86601,RB,SaRodorick,SaRodorick Thompson Jr.,Thompson Jr.,,,4000,SEA@DET,SEA,DET,,,,,,RB/FLEX
93784-102986,WR,Elijah,Elijah Higgins,Higgins,,,4000,NYG@ARI,ARI,NYG,,,,,,WR/FLEX
93784-86612,TE,Brayden,Brayden Willis,Willis,,,4000,SF@LAR,SF,LAR,,,,,,TE/FLEX
93784-55895,TE,Kendall,Kendall Blanton,Blanton,2.25,2,4000,KC@JAX,KC,JAX,,,,,,TE/FLEX
93784-64097,TE,La'Michael,La'Michael Pettway,Pettway,,,4000,IND@HOU,IND,HOU,Q,Undisclosed,,,,TE/FLEX
93784-186983,WR,Jadakis,Jadakis Bonds,Bonds,,,4000,GB@ATL,GB,ATL,,,,,,WR/FLEX
93784-66155,TE,Michael,Michael Jacobson,Jacobson,,,4000,IND@HOU,IND,HOU,,,,,,TE/FLEX
93784-186991,WR,Jerome,Jerome Kapp,Kapp,,,4000,NYJ@DAL,NYJ,DAL,,,,,,WR/FLEX
93784-139884,TE,Jordan,Jordan Murray,Murray,,,4000,IND@HOU,IND,HOU,,,,,,TE/FLEX
93784-88699,RB,Jaret,Jaret Patterson,Patterson,3.9000000953674316,2,4000,WAS@DEN,WAS,DEN,,,,,,RB/FLEX
93784-86678,TE,Ryan,Ryan Jones,Jones,,,4000,NYG@ARI,NYG,ARI,,,,,,TE/FLEX
93784-90778,TE,Derrick,Derrick Deese Jr.,Deese Jr.,,,4000,SEA@DET,DET,SEA,,,,,,TE/FLEX
93784-86692,TE,Thomas,Thomas Odukoya,Odukoya,,,4000,LAC@TEN,TEN,LAC,,,,,,TE/FLEX
93784-96942,WR,Keelan,Keelan Doss,Doss,,,4000,LAC@TEN,LAC,TEN,,,,,,WR/FLEX
93784-88776,WR,Ty,Ty Fryfogle,Fryfogle,,,4000,KC@JAX,KC,JAX,,,,,,WR/FLEX
93784-53967,RB,Nick,Nick Bawden,Bawden,,,4000,NYJ@DAL,NYJ,DAL,,,,,,RB/FLEX
93784-88793,RB,Stevie,Stevie Scott,Scott,,,4000,NYG@ARI,ARI,NYG,,,,,,RB/FLEX
93784-86747,WR,Dylan,Dylan Drummond,Drummond,,,4000,SEA@DET,DET,SEA,,,,,,WR/FLEX
93784-90844,TE,Christian,Christian Trahan,Trahan,,,4000,BAL@CIN,CIN,BAL,,,,,,TE/FLEX
93784-56041,RB,Khari,Khari Blasingame,Blasingame,0,1,4000,CHI@TB,CHI,TB,,,,,,RB/FLEX
93784-72427,WR,Kwamie,Kwamie Lassiter II,Lassiter II,,,4000,BAL@CIN,CIN,BAL,,,,,,WR/FLEX
93784-90861,RB,Derek,Derek Parish,Parish,,,4000,KC@JAX,JAX,KC,,,,,,RB/FLEX
93784-54010,RB,Brian,Brian Hill,Hill,,,4000,SF@LAR,SF,LAR,,,,,,RB/FLEX
93784-86781,WR,Terrell,Terrell Bynum,Bynum,,,4000,LAC@TEN,LAC,TEN,,,,,,WR/FLEX
93784-72453,WR,Denzel,Denzel Mims,Mims,2.677777820163303,9,4000,SEA@DET,DET,SEA,Q,Calf,,,,WR/FLEX
93784-174853,WR,Kody,Kody Case,Case,,,4000,IND@HOU,IND,HOU,,,,,,WR/FLEX
93784-86826,WR,Malachi,Malachi Carter,Carter,,,4000,BAL@CIN,CIN,BAL,,,,,,WR/FLEX
93784-86839,TE,Jack,Jack Coco,Coco,,,4000,NYG@ARI,ARI,NYG,,,,,,TE/FLEX
93784-92984,WR,Justin,Justin Marshall,Marshall,,,4000,SEA@DET,SEA,DET,,,,,,WR/FLEX
93784-90952,WR,Kade,Kade Warner,Warner,,,4000,CHI@TB,TB,CHI,,,,,,WR/FLEX
93784-90955,WR,Tyjon,Tyjon Lindsey,Lindsey,,,4000,SEA@DET,SEA,DET,,,,,,WR/FLEX
93784-93002,RB,Calvin,Calvin Tyler Jr.,Tyler Jr.,,,4000,BAL@CIN,CIN,BAL,,,,,,RB/FLEX
93784-58189,TE,Mitchell,Mitchell Fraboni,Fraboni,,,4000,WAS@DEN,DEN,WAS,,,,,,TE/FLEX
93784-56142,WR,Juwann,Juwann Winfree,Winfree,0.7333333492279053,3,4000,IND@HOU,IND,HOU,,,,,,WR/FLEX
93784-88915,RB,Bryant,Bryant Koback,Koback,,,4000,SEA@DET,SEA,DET,,,,,,RB/FLEX
93784-64339,WR,Auden,Auden Tate,Tate,,,4000,NYG@ARI,ARI,NYG,,,,,,WR/FLEX
93784-93016,RB,B.J.,B.J. Baylor,Baylor,,,4000,GB@ATL,ATL,GB,,,,,,RB/FLEX
93784-93019,RB,Jack,Jack Colletto,Colletto,,,4000,SF@LAR,SF,LAR,,,,,,RB/FLEX
93784-90971,TE,Austin,Austin Allen,Allen,,,4000,GB@ATL,GB,ATL,,,,,,TE/FLEX
93784-86913,TE,Kris,Kris Leach,Leach,,,4000,WAS@DEN,DEN,WAS,,,,,,TE/FLEX
93784-45964,WR,Marcus,Marcus Kemp,Kemp,1.7999999523162842,1,4000,WAS@DEN,WAS,DEN,,,,,,WR/FLEX
93784-56212,TE,Tommy,Tommy Sweeney,Sweeney,1.2000000476837158,1,4000,NYG@ARI,NYG,ARI,IR,Undisclosed,,,,TE/FLEX
93784-88995,WR,Reggie,Reggie Roberson Jr.,Roberson Jr.,,,4000,LAC@TEN,TEN,LAC,,,,,,WR/FLEX
93784-91055,WR,Kevin,Kevin Austin Jr.,Austin Jr.,,,4000,KC@JAX,JAX,KC,,,,,,WR/FLEX
93784-89029,TE,Chris,Chris Pierce Jr.,Pierce Jr.,,,4000,NYG@ARI,ARI,NYG,,,,,,TE/FLEX
93784-43973,RB,Keith,Keith Smith,Smith,0.3,5,4000,GB@ATL,ATL,GB,,,,,,RB/FLEX
93784-91082,WR,Avery,Avery Davis,Davis,,,4000,SEA@DET,DET,SEA,,,,,,WR/FLEX
93784-41936,WR,Anthony,Anthony Miller,Miller,,,4000,SF@LAR,SF,LAR,,,,,,WR/FLEX
93784-72665,TE,Kenny,Kenny Yeboah,Yeboah,,,4000,NYJ@DAL,NYJ,DAL,IR,Hamstring,,,,TE/FLEX
93784-93150,WR,Jake,Jake Bobo,Bobo,,,4000,SEA@DET,SEA,DET,,,,,,WR/FLEX
93784-70680,WR,Jalen,Jalen Camp,Camp,1.2000000476837158,1,4000,IND@HOU,HOU,IND,,,,,,WR/FLEX
93784-56356,WR,Isaiah,Isaiah Ford,Ford,,,4000,CHI@TB,CHI,TB,Q,Undisclosed,,,,WR/FLEX
93784-138277,WR,Jalen,Jalen Brooks,Brooks,,,4000,NYJ@DAL,DAL,NYJ,,,,,,WR/FLEX
93784-64575,RB,Derrick,Derrick Gore,Gore,,,4000,WAS@DEN,WAS,DEN,,,,,,RB/FLEX
93784-91207,WR,Keytaon,Keytaon Thompson,Thompson,,,4000,SEA@DET,DET,SEA,,,,,,WR/FLEX
93784-27721,WR,Justin,Justin Hardee Sr.,Hardee Sr.,0,1,4000,NYJ@DAL,NYJ,DAL,,,,,,WR/FLEX
93784-89167,WR,Gavin,Gavin Holmes,Holmes,,,4000,LAC@TEN,TEN,LAC,,,,,,WR/FLEX
93784-68686,WR,C.J.,C.J. Saunders,Saunders,,,4000,GB@ATL,ATL,GB,,,,,,WR/FLEX
93784-42077,TE,James,James Winchester,Winchester,,,4000,KC@JAX,KC,JAX,,,,,,TE/FLEX
93784-89185,TE,Ben,Ben Sims,Sims,,,4000,GB@ATL,GB,ATL,,,,,,TE/FLEX
93784-68708,TE,Seth,Seth Green,Green,,,4000,NYJ@DAL,DAL,NYJ,,,,,,TE/FLEX
93784-46200,TE,Daniel,Daniel Brunskill,Brunskill,,,4000,LAC@TEN,TEN,LAC,,,,,,TE/FLEX
93784-64634,WR,Alex,Alex Bachman,Bachman,,,4000,IND@HOU,HOU,IND,Q,Oblique,,,,WR/FLEX
93784-95370,TE,Ryan,Ryan Miller,Miller,,,4000,CHI@TB,TB,CHI,,,,,,TE/FLEX
93784-83086,WR,Daurice,Daurice Fountain,Fountain,,,4000,SEA@DET,DET,SEA,,,,,,WR/FLEX
93784-89243,WR,Tre'Shaun,Tre'Shaun Harrison,Harrison,,,4000,LAC@TEN,TEN,LAC,,,,,,WR/FLEX
93784-54426,TE,Andrew,Andrew Beck,Beck,1.1749999523162842,8,4000,IND@HOU,HOU,IND,,,,,,TE/FLEX
93784-72863,TE,Armani,Armani Rogers,Rogers,2.3,5,4000,WAS@DEN,WAS,DEN,IR,Achilles,,,,TE/FLEX
93784-89249,RB,Khalan,Khalan Laborn,Laborn,,,4000,SF@LAR,SF,LAR,,,,,,RB/FLEX
93784-89265,TE,Camren,Camren McDonald,McDonald,,,4000,SF@LAR,LAR,SF,,,,,,TE/FLEX
93784-89270,WR,Pokey,Pokey Wilson,Wilson,,,4000,LAC@TEN,LAC,TEN,,,,,,WR/FLEX
93784-87233,WR,Bryan,Bryan Thompson,Thompson,,,4000,LV@BUF,BUF,LV,,,,,,WR/FLEX
93784-54472,WR,Cam,Cam Sims,Sims,1.0749999682108562,12,4000,NYG@ARI,NYG,ARI,,,,,,WR/FLEX
93784-167117,WR,Tyler,Tyler Hudson,Hudson,,,4000,SF@LAR,LAR,SF,,,,,,WR/FLEX
93784-70868,RB,Damarea,Damarea Crockett,Crockett,,,4000,NYJ@DAL,NYJ,DAL,,,,,,RB/FLEX
93784-91358,WR,Oliver,Oliver Martin,Martin,,,4000,KC@JAX,JAX,KC,,,,,,WR/FLEX
93784-70881,TE,Justin,Justin Rigg,Rigg,,,4000,LAC@TEN,TEN,LAC,,,,,,TE/FLEX
93784-130276,WR,Mason,Mason Kinsey,Kinsey,0.4000000059604645,2,4000,LAC@TEN,TEN,LAC,,,,,,WR/FLEX
93784-91373,TE,Joel,Joel Honigford,Honigford,,,4000,NYG@ARI,ARI,NYG,,,,,,TE/FLEX
93784-52463,TE,Daniel,Daniel Helm,Helm,,,4000,SEA@DET,DET,SEA,,,,,,TE/FLEX
93784-185593,WR,Andrei,Andrei Iosivas,Iosivas,,,4000,BAL@CIN,CIN,BAL,,,,,,WR/FLEX
93784-185599,WR,Colton,Colton Dowell,Dowell,,,4000,LAC@TEN,TEN,LAC,,,,,,WR/FLEX
93784-130309,WR,J.J.,J.J. Koski,Koski,,,4000,WAS@DEN,DEN,WAS,,,,,,WR/FLEX
93784-91401,WR,Ronnie,Ronnie Bell,Bell,,,4000,SF@LAR,SF,LAR,,,,,,WR/FLEX
93784-130317,WR,Juwan,Juwan Green,Green,,,4000,KC@JAX,KC,JAX,,,,,,WR/FLEX
93784-191760,RB,Toriano,Toriano Clinton,Clinton,,,4000,IND@HOU,IND,HOU,,,,,,RB/FLEX
93784-185627,WR,Jalen,Jalen Sample,Sample,,,4000,WAS@DEN,WAS,DEN,,,,,,WR/FLEX
93784-83226,TE,Kevin,Kevin Rader,Rader,,,4000,LAC@TEN,TEN,LAC,,,,,,TE/FLEX
93784-29985,WR,Jaydon,Jaydon Mickens,Mickens,,,4000,NYG@ARI,NYG,ARI,,,,,,WR/FLEX
93784-68901,RB,Gerrid,Gerrid Doaks,Doaks,,,4000,IND@HOU,HOU,IND,,,,,,RB/FLEX
93784-185639,WR,Keilahn,Keilahn Harris,Harris,,,4000,GB@ATL,ATL,GB,,,,,,WR/FLEX
93784-91428,WR,Tarik,Tarik Black,Black,,,4000,BAL@CIN,BAL,CIN,,,,,,WR/FLEX
93784-130343,WR,Jeff,Jeff Cotton Jr.,Cotton Jr.,,,4000,GB@ATL,GB,ATL,Q,Undisclosed,,,,WR/FLEX
93784-91431,RB,Ben,Ben Mason,Mason,,,4000,BAL@CIN,BAL,CIN,,,,,,RB/FLEX
93784-185646,WR,Zay,Zay Malone,Malone,,,4000,GB@ATL,ATL,GB,,,,,,WR/FLEX
93784-130350,WR,Jaylon,Jaylon Moore,Moore,,,4000,KC@JAX,JAX,KC,,,,,,WR/FLEX
93784-185660,WR,Malik,Malik Flowers,Flowers,,,4000,SEA@DET,SEA,DET,,,,,,WR/FLEX
93784-64833,TE,Alize,Alize Mack,Mack,,,4000,LAC@TEN,TEN,LAC,Q,Undisclosed,,,,TE/FLEX
93784-56648,RB,Jeremy,Jeremy McNichols,McNichols,,,4000,SF@LAR,SF,LAR,Q,Hamstring,,,,RB/FLEX
93784-64843,WR,Jalen,Jalen Guyton,Guyton,3.700000047683716,2,4000,LAC@TEN,LAC,TEN,NA,Knee - acl,,,,WR/FLEX
93784-91481,WR,Nikko,Nikko Remigio,Remigio,,,4000,KC@JAX,KC,JAX,IR,Wrist,,,,WR/FLEX
93784-89437,WR,Tim,Tim Jones,Jones,1.125,4,4000,KC@JAX,JAX,KC,,,,,,WR/FLEX
93784-68975,TE,Josh,Josh Pederson,Pederson,,,4000,KC@JAX,JAX,KC,,,,,,TE/FLEX
93784-73088,WR,Kekoa,Kekoa Crawford,Crawford,,,4000,KC@JAX,KC,JAX,Q,Undisclosed,,,,WR/FLEX
93784-185728,TE,Patrick,Patrick Murtagh,Murtagh,,,4000,SEA@DET,DET,SEA,,,,,,TE/FLEX
93784-93577,WR,Dazz,Dazz Newsome,Newsome,,,4000,SF@LAR,SF,LAR,,,,,,WR/FLEX
93784-185742,WR,Braxton,Braxton Westfield,Westfield,,,4000,IND@HOU,IND,HOU,,,,,,WR/FLEX
93784-185747,WR,Cody,Cody Chrest,Chrest,,,4000,GB@ATL,GB,ATL,,,,,,WR/FLEX
93784-87442,TE,Princeton,Princeton Fant,Fant,,,4000,NYJ@DAL,DAL,NYJ,,,,,,TE/FLEX
93784-93592,WR,Sam,Sam James,James,,,4000,SF@LAR,LAR,SF,,,,,,WR/FLEX
93784-64926,WR,Michael,Michael Jacquet III,Jacquet III,,,4000,LAC@TEN,LAC,TEN,,,,,,WR/FLEX
93784-93600,WR,Bryce,Bryce Ford-Wheaton,Ford-Wheaton,,,4000,NYG@ARI,NYG,ARI,IR,Knee,,,,WR/FLEX
93784-44449,WR,Willie,Willie Snead IV,Snead IV,,,4000,SF@LAR,SF,LAR,,,,,,WR/FLEX
93784-185775,TE,Brian,Brian Walker,Walker,,,4000,BAL@CIN,BAL,CIN,,,,,,TE/FLEX
93784-87473,WR,Braydon,Braydon Johnson,Johnson,,,4000,LV@BUF,BUF,LV,,,,,,WR/FLEX
93784-60849,WR,Blake,Blake Lynch,Lynch,,,4000,LAC@TEN,LAC,TEN,Q,Undisclosed,,,,WR/FLEX
93784-185777,TE,Damien,Damien Caffrey,Caffrey,,,4000,CHI@TB,CHI,TB,,,,,,TE/FLEX
93784-73147,TE,Nick,Nick Eubanks,Eubanks,,,4000,IND@HOU,IND,HOU,,,,,,TE/FLEX
93784-69056,WR,Mathew,Mathew Sexton,Sexton,,,4000,GB@ATL,ATL,GB,,,,,,WR/FLEX
93784-185792,WR,Tyler,Tyler Adams,Adams,,,4000,IND@HOU,IND,HOU,,,,,,WR/FLEX
93784-26057,RB,Michael,Michael Burton,Burton,0.800000011920929,1,4000,WAS@DEN,DEN,WAS,,,,,,RB/FLEX
93784-112088,RB,Jerrion,Jerrion Ealy,Ealy,,,4000,KC@JAX,KC,JAX,,,,,,RB/FLEX
93784-54746,TE,Tyler,Tyler Ott,Ott,,,4000,BAL@CIN,BAL,CIN,,,,,,TE/FLEX
93784-103900,TE,Brandon,Brandon Dillon,Dillon,,,4000,WAS@DEN,WAS,DEN,IR,Undisclosed,,,,TE/FLEX
93784-91612,WR,Matt,Matt Landers,Landers,,,4000,SEA@DET,SEA,DET,,,,,,WR/FLEX
93784-185827,RB,Jacob,Jacob Saylors,Saylors,,,4000,BAL@CIN,CIN,BAL,,,,,,RB/FLEX
93784-91618,TE,John,John FitzPatrick,FitzPatrick,,,4000,GB@ATL,ATL,GB,,,,,,TE/FLEX
93784-112101,WR,Jared,Jared Wayne,Wayne,,,4000,IND@HOU,HOU,IND,,,,,,WR/FLEX
93784-91635,WR,Kearis,Kearis Jackson,Jackson,0,1,4000,LAC@TEN,TEN,LAC,,,,,,WR/FLEX
93784-89586,TE,Tucker,Tucker Fisk,Fisk,,,4000,GB@ATL,ATL,GB,,,,,,TE/FLEX
93784-185854,WR,Dallas,Dallas Daniels,Daniels,,,4000,WAS@DEN,DEN,WAS,,,,,,WR/FLEX
93784-114177,WR,Milton,Milton Wright,Wright,,,4000,LAC@TEN,LAC,TEN,Q,Undisclosed,,,,WR/FLEX
93784-185856,WR,Taylor,Taylor Grimes,Grimes,,,4000,WAS@DEN,DEN,WAS,,,,,,WR/FLEX
93784-185862,WR,David,David Durden,Durden,,,4000,NYJ@DAL,DAL,NYJ,IR,Knee - acl,,,,WR/FLEX
93784-185863,RB,Hunter,Hunter Luepke,Luepke,,,4000,NYJ@DAL,DAL,NYJ,,,,,,RB/FLEX
93784-103943,WR,Trinity,Trinity Benson,Benson,,,4000,SEA@DET,DET,SEA,,,,,,WR/FLEX
93784-185875,TE,Noah,Noah Gindorff,Gindorff,,,4000,SEA@DET,SEA,DET,,,,,,TE/FLEX
93784-185878,RB,Elijah,Elijah Dotson,Dotson,,,4000,LAC@TEN,LAC,TEN,,,,,,RB/FLEX
93784-62998,TE,Jace,Jace Sternberger,Sternberger,,,4000,LV@BUF,BUF,LV,,,,,,TE/FLEX
93784-89627,WR,Brycen,Brycen Tremayne,Tremayne,,,4000,WAS@DEN,WAS,DEN,,,,,,WR/FLEX
93784-185887,RB,Ronnie,Ronnie Brown,Brown,,,4000,CHI@TB,TB,CHI,,,,,,RB/FLEX
93784-185884,WR,John,John Hall,Hall,,,4000,SEA@DET,SEA,DET,,,,,,WR/FLEX
93784-54817,WR,Diontae,Diontae Spencer,Spencer,,,4000,NYJ@DAL,NYJ,DAL,Q,Undisclosed,,,,WR/FLEX
93784-185889,TE,Tanner,Tanner Taula,Taula,,,4000,CHI@TB,TB,CHI,,,,,,TE/FLEX
93784-69173,TE,Hunter,Hunter Kampmoyer,Kampmoyer,,,4000,LAC@TEN,LAC,TEN,,,,,,TE/FLEX
93784-60981,TE,Charlie,Charlie Heck,Heck,,,4000,IND@HOU,HOU,IND,NA,Foot,,,,TE/FLEX
93784-173626,TE,Nate,Nate Adkins,Adkins,,,4000,WAS@DEN,DEN,WAS,,,,,,TE/FLEX
93784-104008,TE,Stephen,Stephen Carlson,Carlson,,,4000,CHI@TB,CHI,TB,,,,,,TE/FLEX
93784-104012,WR,Ashton,Ashton Dulin,Dulin,5,7,4000,IND@HOU,IND,HOU,IR,Knee - acl,,,,WR/FLEX
93784-104019,TE,Matt,Matt Orzech,Orzech,,,4000,GB@ATL,GB,ATL,,,,,,TE/FLEX
93784-87634,TE,Blake,Blake Whiteheart,Whiteheart,,,4000,NYG@ARI,ARI,NYG,,,,,,TE/FLEX
93784-95854,WR,Montrell,Montrell Washington,Washington,0.21333333651224773,15,4000,KC@JAX,KC,JAX,,,,,,WR/FLEX
93784-87668,WR,Shedrick,Shedrick Jackson,Jackson,,,4000,BAL@CIN,CIN,BAL,,,,,,WR/FLEX
93784-104054,RB,Sincere,Sincere McCormick,McCormick,,,4000,LV@BUF,LV,BUF,,,,,,RB/FLEX
93784-93824,WR,Easop,Easop Winston Jr.,Winston Jr.,,,4000,SEA@DET,SEA,DET,,,,,,WR/FLEX
93784-87690,TE,Sal,Sal Cannella,Cannella,,,4000,SEA@DET,SEA,DET,,,,,,TE/FLEX
93784-93845,WR,Tay,Tay Martin,Martin,,,4000,SF@LAR,SF,LAR,,,,,,WR/FLEX
93784-87711,TE,John Samuel,John Samuel Shenker,Shenker,,,4000,LV@BUF,LV,BUF,,,,,,TE/FLEX
93784-52902,WR,Trey,Trey Quinn,Quinn,,,4000,SEA@DET,DET,SEA,Q,Undisclosed,,,,WR/FLEX
93784-104102,TE,Leroy,Leroy Watson IV,Watson IV,,,4000,SF@LAR,SF,LAR,,,,,,TE/FLEX
93784-91823,RB,Ronald,Ronald Awatt,Awatt,,,4000,SF@LAR,SF,LAR,,,,,,RB/FLEX
93784-87731,WR,Dominique,Dominique Robinson,Robinson,,,4000,CHI@TB,CHI,TB,,,,,,WR/FLEX
93784-104124,WR,Darrius,Darrius Shepherd,Shepherd,,,4000,LAC@TEN,LAC,TEN,Q,Undisclosed,,,,WR/FLEX
93784-69310,WR,Josh,Josh Hammond,Hammond,,,4000,WAS@DEN,DEN,WAS,,,,,,WR/FLEX
93784-89814,TE,Gerrit,Gerrit Prince,Prince,,,4000,KC@JAX,KC,JAX,,,,,,TE/FLEX
93784-85720,WR,Jaray,Jaray Jenkins,Jenkins,,,4000,KC@JAX,JAX,KC,Q,Undisclosed,,,,WR/FLEX
93784-147168,WR,Chris,Chris Blair,Blair,,,4000,GB@ATL,ATL,GB,Q,Undisclosed,,,,WR/FLEX
93784-91875,TE,Michael,Michael Ezeike,Ezeike,,,4000,LAC@TEN,LAC,TEN,,,,,,TE/FLEX
93784-87787,RB,J.K.,J.K. Dobbins,Dobbins,10.699999809265137,1,4000,BAL@CIN,BAL,CIN,IR,Achilles,,,,RB/FLEX
93784-91897,WR,Ethan,Ethan Fernea,Fernea,,,4000,IND@HOU,IND,HOU,Q,Undisclosed,,,,WR/FLEX
93784-85759,TE,Curtis,Curtis Hodges,Hodges,,,4000,WAS@DEN,WAS,DEN,,,,,,TE/FLEX
93784-57091,WR,Tim,Tim Patrick,Patrick,,,4000,WAS@DEN,DEN,WAS,IR,Achilles,,,,WR/FLEX
93784-91912,WR,Chase,Chase Cota,Cota,,,4000,SEA@DET,DET,SEA,Q,Undisclosed,,,,WR/FLEX
93784-91923,WR,Kazmeir,Kazmeir Allen,Allen,,,4000,WAS@DEN,WAS,DEN,,,,,,WR/FLEX
93784-40726,RB,Godwin,Godwin Igwebuike,Igwebuike,0.20000000794728598,6,4000,GB@ATL,ATL,GB,,,,,,RB/FLEX
93784-114465,TE,Christian,Christian Sims,Sims,,,4000,SF@LAR,LAR,SF,,,,,,TE/FLEX
93784-71459,RB,Brittain,Brittain Brown,Brown,,,4000,LV@BUF,LV,BUF,IR,Undisclosed,,,,RB/FLEX
93784-40746,TE,Troy,Troy Fumagalli,Fumagalli,,,4000,SF@LAR,SF,LAR,,,,,,TE/FLEX
93784-87882,WR,Daniel,Daniel Arias,Arias,,,4000,NYG@ARI,ARI,NYG,,,,,,WR/FLEX
93784-63321,TE,Rashod,Rashod Berry,Berry,,,4000,IND@HOU,IND,HOU,IR,Suspension,,,,TE/FLEX
93784-104289,WR,Malik,Malik Taylor,Taylor,,,4000,NYJ@DAL,NYJ,DAL,,,,,,WR/FLEX
93784-169834,WR,Dareke,Dareke Young,Young,2.5,2,4000,SEA@DET,SEA,DET,IR,Groin,,,,WR/FLEX
93784-63360,WR,Antonio,Antonio Callaway,Callaway,,,4000,NYJ@DAL,DAL,NYJ,,,,,,WR/FLEX
93784-128912,WR,Mitchell,Mitchell Tinsley,Tinsley,,,4000,WAS@DEN,WAS,DEN,,,,,,WR/FLEX
93784-94099,RB,Robert,Robert Burns,Burns,,,4000,CHI@TB,CHI,TB,,,,,,RB/FLEX
93784-87961,RB,Wayne,Wayne Taulapapa,Taulapapa,,,4000,SEA@DET,SEA,DET,,,,,,RB/FLEX
93784-92056,TE,Cal,Cal Adomitis,Adomitis,,,4000,BAL@CIN,CIN,BAL,,,,,,TE/FLEX
93784-28570,TE,Nick,Nick Vannett,Vannett,1.7,5,4000,LAC@TEN,LAC,TEN,,,,,,TE/FLEX
93784-34729,RB,Dwayne,Dwayne Washington,Washington,1,5,4000,WAS@DEN,DEN,WAS,,,,,,RB/FLEX
93784-85932,RB,Isaiah,Isaiah Bowser,Bowser,,,4000,LV@BUF,BUF,LV,,,,,,RB/FLEX
93784-85944,WR,Kyric,Kyric McGowan,McGowan,,,4000,WAS@DEN,WAS,DEN,Q,Undisclosed,,,,WR/FLEX
93784-96224,TE,Lachlan,Lachlan Pitts,Pitts,,,4000,CHI@TB,CHI,TB,,,,,,TE/FLEX
93784-85994,TE,Dalton,Dalton Keene,Keene,,,4000,IND@HOU,HOU,IND,,,,,,TE/FLEX
93784-71662,WR,DJ,DJ Turner,Turner,0.8666666348775228,3,4000,LV@BUF,LV,BUF,Q,Undisclosed,,,,WR/FLEX
93784-14319,RB,Taiwan,Taiwan Jones,Jones,-1,2,4000,NYG@ARI,NYG,ARI,,,,,,RB/FLEX
93784-12527,D,Chicago,Chicago Bears,Bears,0,1,3900,CHI@TB,CHI,TB,,,,,,DEF
93784-12552,D,Washington,Washington Commanders,Commanders,11,1,3900,WAS@DEN,WAS,DEN,,,,,,DEF
93784-12534,D,Tennessee,Tennessee Titans,Titans,9,1,3800,LAC@TEN,TEN,LAC,,,,,,DEF
93784-12546,D,Arizona,Arizona Cardinals,Cardinals,19,1,3800,NYG@ARI,ARI,NYG,,,,,,DEF
93784-12544,D,New York,New York Jets,Jets,20,1,3700,NYJ@DAL,NYJ,DAL,,,,,,DEF
93784-12554,D,Jacksonville,Jacksonville Jaguars,Jaguars,11,1,3700,KC@JAX,JAX,KC,,,,,,DEF
93784-12528,D,Cincinnati,Cincinnati Bengals,Bengals,7,1,3600,BAL@CIN,CIN,BAL,,,,,,DEF
93784-12536,D,Kansas City,Kansas City Chiefs,Chiefs,4,1,3500,KC@JAX,KC,JAX,,,,,,DEF
93784-12556,D,Houston,Houston Texans,Texans,8,1,3400,IND@HOU,HOU,IND,,,,,,DEF
93784-12550,D,Seattle,Seattle Seahawks,Seahawks,1,1,3300,SEA@DET,SEA,DET,,,,,,DEF
93784-12538,D,Los Angeles,Los Angeles Rams,Rams,6,1,3100,SF@LAR,LAR,SF,,,,,,DEF
93784-12537,D,Las Vegas,Las Vegas Raiders,Raiders,3,1,3000,LV@BUF,LV,BUF,,,,,,DEF